Bedroom,Bathroom,Furnishing,Area,Parking,Price,Address
3,2,Furnished,1800,2,27000000,Alaknanda
2,2,Unfurnished,700,1,16500000,Alaknanda
2,2,Semi-Furnished,980,2,13800000,Alaknanda
3,3,Semi-Furnished,1350,2,21000000,Alaknanda
3,3,Semi-Furnished,1800,2,22500000,Alaknanda
2,2,Semi-Furnished,968,2,15000000,Alaknanda
3,3,Semi-Furnished,1250,2,20000000,Alaknanda
3,3,Furnished,1800,2,20000000,Alaknanda
3,2,Semi-Furnished,1400,2,26000000,Alaknanda
3,3,Semi-Furnished,1000,2,19500000,Alaknanda
4,2,Semi-Furnished,1800,1,21500000,Alaknanda
3,3,Unfurnished,1500,1,26500000,Alaknanda
3,3,Semi-Furnished,1600,2,20000000,Alaknanda
3,3,Furnished,1400,1,18000000,Alaknanda
3,2,Unfurnished,1400,1,19000000,Alaknanda
2,2,Unfurnished,1100,2,15000000,Alaknanda
2,2,Semi-Furnished,1200,2,17500000,Alaknanda
2,2,Semi-Furnished,1400,2,14000000,Alaknanda
3,3,Semi-Furnished,1500,2,21000000,Alaknanda
3,2,Unfurnished,1320,2,15600000,Alaknanda
3,3,Unfurnished,1300,2,19000000,Alaknanda
2,2,Unfurnished,1150,1,16500000,Alaknanda
3,3,Unfurnished,1440,1,19000000,Alaknanda
2,2,Unfurnished,1400,1,16500000,Alaknanda
1,1,Semi-Furnished,500,1,3000000,Alaknanda
2,2,Semi-Furnished,1300,1,15000000,Alaknanda
2,2,Unfurnished,1200,1,14300000,Alaknanda
3,2,Unfurnished,1300,1,18500000,Alaknanda
3,3,Furnished,1400,1,19000000,Alaknanda
3,3,Semi-Furnished,1400,1,19000000,Alaknanda
2,2,Unfurnished,700,1,16500000,Alaknanda
2,2,Semi-Furnished,980,2,13800000,Alaknanda
3,3,Semi-Furnished,1350,2,21000000,Alaknanda
3,3,Semi-Furnished,1800,2,22500000,Alaknanda
2,2,Semi-Furnished,968,2,15000000,Alaknanda
3,3,Semi-Furnished,1250,2,20000000,Alaknanda
3,3,Furnished,1800,2,20000000,Alaknanda
3,2,Semi-Furnished,1400,2,26000000,Alaknanda
3,3,Semi-Furnished,1000,2,19500000,Alaknanda
4,2,Semi-Furnished,1800,1,21500000,Alaknanda
3,3,Unfurnished,1500,1,26500000,Alaknanda
3,3,Semi-Furnished,1600,2,20000000,Alaknanda
3,3,Furnished,1400,1,18000000,Alaknanda
3,2,Unfurnished,1400,1,19000000,Alaknanda
4,4,Unfurnished,2700,2,36500000,Alaknanda
2,2,Unfurnished,1100,2,15000000,Alaknanda
2,2,Semi-Furnished,1200,2,17500000,Alaknanda
2,2,Semi-Furnished,1400,2,14000000,Alaknanda
3,3,Semi-Furnished,1500,2,21000000,Alaknanda
3,2,Unfurnished,1320,2,15600000,Alaknanda
3,3,Unfurnished,1300,2,19000000,Alaknanda
2,2,Unfurnished,1150,1,16500000,Alaknanda
3,3,Unfurnished,1440,1,19000000,Alaknanda
2,2,Unfurnished,1400,1,16500000,Alaknanda
1,1,Semi-Furnished,500,1,3000000,Alaknanda
2,2,Semi-Furnished,1300,1,15000000,Alaknanda
2,2,Unfurnished,1200,1,14300000,Alaknanda
3,2,Unfurnished,1300,1,18500000,Alaknanda
3,3,Furnished,1400,1,19000000,Alaknanda
3,3,Semi-Furnished,1400,1,19000000,Alaknanda
3,2,Semi-Furnished,1500,1,21000000,Alaknanda
3,3,Unfurnished,1800,1,32000000,Alaknanda
2,2,Semi-Furnished,500,1,18000000,Alaknanda
2,2,Semi-Furnished,1450,1,16500000,Alaknanda
3,2,Unfurnished,1500,1,24100000,Alaknanda
3,3,Unfurnished,1349,2,25000000,Anand Vihar
4,3,Semi-Furnished,2250,1,32500000,Anand Vihar
3,2,Semi-Furnished,1150,1,52000000,Anand Vihar
3,2,Semi-Furnished,500,1,45000000,Anand Vihar
3,3,Semi-Furnished,1620,1,27500000,Anand Vihar
3,3,Semi-Furnished,1600,1,23000000,Anand Vihar
3,3,Semi-Furnished,1400,1,25000000,Anand Vihar
3,3,Semi-Furnished,2200,1,15000000,Anand Vihar
2,1,Furnished,900,1,11000000,Begum Pur
3,2,Semi-Furnished,810,1,4500000,Begum Pur
2,1,Unfurnished,500,1,3600000,Begum Pur
3,2,Furnished,500,1,4300000,Begum Pur
3,2,Semi-Furnished,900,1,4000000,Begum Pur
2,2,Semi-Furnished,500,1,1650000,Begum Pur
1,1,Furnished,500,1,2000000,Begum Pur
2,2,Semi-Furnished,500,1,3000000,Begum Pur
2,1,Semi-Furnished,500,1,1400000,Begum Pur
2,1,Semi-Furnished,500,1,2000000,Begum Pur
2,2,Unfurnished,500,1,2000000,Begum Pur
1,1,Furnished,500,1,2000000,Begum Pur
3,4,Furnished,729,1,2600000,Begum Pur
5,3,Furnished,4050,1,5100000,Begum Pur
5,4,Furnished,2400,1,6000000,Begum Pur
2,2,Furnished,500,1,4000000,Begum Pur
2,3,Furnished,500,1,6200000,Begum Pur
1,2,Furnished,666,1,3500000,Begum Pur
1,1,Semi-Furnished,500,1,2100000,Chhattarpur
4,3,Unfurnished,2200,1,5500000,Chhattarpur
3,3,Unfurnished,1450,1,7500000,Chhattarpur
2,2,Semi-Furnished,662,1,4000000,Chhattarpur
3,2,Semi-Furnished,2249,2,6500000,Chhattarpur
1,1,Unfurnished,500,1,1300000,Chhattarpur
3,2,Semi-Furnished,1124,1,7500000,Chhattarpur
1,1,Semi-Furnished,500,1,4500000,Chhattarpur
3,2,Semi-Furnished,950,1,7090000,Chhattarpur
3,3,Unfurnished,1250,1,6500000,Chhattarpur
3,3,Semi-Furnished,500,1,22500000,Chhattarpur
3,3,Semi-Furnished,1550,1,6000000,Chhattarpur
3,2,Semi-Furnished,500,1,5500000,Chhattarpur
2,2,Semi-Furnished,750,1,4000000,Chhattarpur
3,2,Unfurnished,1125,1,6150000,Chhattarpur
3,3,Semi-Furnished,1150,1,8000000,Chhattarpur
3,2,Semi-Furnished,1100,1,7500000,Chhattarpur
3,3,Unfurnished,1210,1,7950000,Chhattarpur
2,2,Semi-Furnished,900,1,3500000,Chhattarpur
3,3,Semi-Furnished,1170,1,6500000,Chhattarpur
3,2,Semi-Furnished,1050,1,4500000,Chhattarpur
3,2,Unfurnished,1050,1,3300000,Chhattarpur
3,2,Semi-Furnished,990,1,5800000,Chhattarpur
3,3,Unfurnished,1809,1,28500000,Chhattarpur
2,2,Semi-Furnished,3600,1,4500000,Chhattarpur
4,3,Unfurnished,1305,1,5500000,Chhattarpur
3,4,Semi-Furnished,1800,2,63000000,Chhattarpur
3,2,Semi-Furnished,950,2,6990000,Chhattarpur
2,2,Semi-Furnished,800,1,4400000,Chhattarpur
4,4,Semi-Furnished,1800,1,12500000,Chhattarpur
2,2,Semi-Furnished,800,1,3000000,Chhattarpur
2,2,Semi-Furnished,675,1,2800000,Chhattarpur
3,3,Unfurnished,1175,3,5000000,Chhattarpur
3,3,Unfurnished,1500,3,6000000,Chhattarpur
2,2,Unfurnished,810,3,4500000,Chhattarpur
2,2,Unfurnished,630,1,2800000,Chhattarpur
2,2,Semi-Furnished,650,1,2500000,Chhattarpur
4,4,Semi-Furnished,1800,1,8500000,Chhattarpur
2,2,Furnished,725,1,3000000,Chhattarpur
3,2,Semi-Furnished,900,1,4900000,Chhattarpur
2,2,Unfurnished,750,1,3500000,Chhattarpur
2,2,Semi-Furnished,700,1,3000000,Chhattarpur
3,2,Semi-Furnished,950,1,7020000,Chhattarpur
3,4,Unfurnished,1600,1,60000000,Chhattarpur
2,2,Semi-Furnished,900,1,3500000,Chhattarpur
3,3,Semi-Furnished,1500,1,7000000,Chhattarpur
2,1,Semi-Furnished,500,2,7000000,Chhattarpur
3,3,Semi-Furnished,1035,1,4500000,Chhattarpur
3,2,Semi-Furnished,825,1,5990000,Chhattarpur
3,3,Semi-Furnished,1300,1,4400000,Chhattarpur
2,2,Unfurnished,765,3,2500000,Chhattarpur
1,1,Semi-Furnished,580,1,1600000,Chhattarpur
3,3,Semi-Furnished,1750,1,6500000,Chhattarpur
3,3,Semi-Furnished,645,1,20000000,Chittaranjan Park
2,2,Semi-Furnished,1099,1,14500000,Chittaranjan Park
4,5,Semi-Furnished,2250,2,47500000,Chittaranjan Park
3,3,Furnished,3551,1,21500000,Chittaranjan Park
3,3,Unfurnished,1140,1,29500000,Chittaranjan Park
3,3,Unfurnished,2097,1,29000000,Chittaranjan Park
3,3,Semi-Furnished,1250,1,25500000,Chittaranjan Park
3,3,Semi-Furnished,1600,2,33500000,Chittaranjan Park
4,4,Semi-Furnished,2600,3,62500000,Chittaranjan Park
3,3,Semi-Furnished,1700,2,47500000,Chittaranjan Park
3,3,Semi-Furnished,1116,1,14700000,Chittaranjan Park
2,3,Semi-Furnished,1070,1,18000000,Chittaranjan Park
3,3,Semi-Furnished,1200,1,22500000,Chittaranjan Park
3,3,Unfurnished,1200,1,22000000,Chittaranjan Park
3,3,Semi-Furnished,1450,1,22500000,Chittaranjan Park
2,2,Semi-Furnished,1000,1,7500000,Chittaranjan Park
2,1,Unfurnished,945,1,6500000,Chittaranjan Park
3,3,Unfurnished,1650,1,35000000,Chittaranjan Park
4,4,Semi-Furnished,2625,2,60000000,Chittaranjan Park
4,4,Semi-Furnished,1800,2,40000000,Chittaranjan Park
3,3,Semi-Furnished,500,2,11500000,Chittaranjan Park
3,3,Semi-Furnished,1440,2,22500000,Chittaranjan Park
3,4,Semi-Furnished,1900,2,28500000,Chittaranjan Park
3,3,Semi-Furnished,1800,2,29000000,Chittaranjan Park
3,2,Semi-Furnished,1200,1,15500000,Chittaranjan Park
3,3,Semi-Furnished,1200,1,16500000,Chittaranjan Park
4,4,Unfurnished,4118,3,55000000,Chittaranjan Park
3,2,Semi-Furnished,1050,3,12500000,Chittaranjan Park
3,3,Semi-Furnished,875,3,17500000,Chittaranjan Park
2,2,Unfurnished,990,1,11500000,Chittaranjan Park
3,3,Unfurnished,11050,1,18500000,Chittaranjan Park
3,3,Semi-Furnished,1000,1,20000000,Chittaranjan Park
3,3,Unfurnished,1152,1,25000000,Chittaranjan Park
3,3,Semi-Furnished,1400,1,24500000,Chittaranjan Park
3,3,Unfurnished,1440,1,26500000,Chittaranjan Park
3,3,Semi-Furnished,500,1,25000000,Chittaranjan Park
2,2,Unfurnished,500,1,16000000,Chittaranjan Park
2,2,Semi-Furnished,2355,1,13000000,Chittaranjan Park
4,4,Furnished,1917,2,32500000,Chittaranjan Park
3,3,Unfurnished,1400,1,16000000,Chittaranjan Park
3,3,Semi-Furnished,1600,1,19500000,Chittaranjan Park
3,3,Furnished,1800,1,26000000,Chittaranjan Park
3,3,Semi-Furnished,1200,1,22200000,Chittaranjan Park
4,4,Furnished,2430,3,30000000,Chittaranjan Park
3,3,Unfurnished,1400,1,24500000,Chittaranjan Park
3,3,Semi-Furnished,500,1,38000000,Chittaranjan Park
3,3,Unfurnished,1200,1,22500000,Chittaranjan Park
3,3,Unfurnished,1150,1,29500000,Chittaranjan Park
3,3,Semi-Furnished,500,1,30000000,Chittaranjan Park
3,4,Semi-Furnished,500,2,40000000,Chittaranjan Park
3,3,Unfurnished,500,1,22500000,Chittaranjan Park
3,3,Unfurnished,1250,1,26000000,Chittaranjan Park
5,3,Furnished,500,1,35000000,Chittaranjan Park
1,1,Unfurnished,500,1,3300000,Dilshad Garden
2,1,Unfurnished,750,1,7350000,Dilshad Garden
4,1,Unfurnished,1500,1,12500000,Dilshad Garden
1,1,Semi-Furnished,500,1,3500000,Dilshad Garden
2,2,Unfurnished,650,1,6500000,Dilshad Garden
2,2,Furnished,900,2,6900000,Dilshad Garden
1,1,Unfurnished,500,1,3600000,Dilshad Garden
3,2,Semi-Furnished,900,2,13500000,Dilshad Garden
3,2,Furnished,1000,1,9200000,Dilshad Garden
1,1,Unfurnished,500,1,2500000,Dilshad Garden
3,2,Furnished,1700,1,17000000,Dilshad Garden
3,2,Semi-Furnished,800,1,9030000,Dilshad Garden
3,2,Unfurnished,1076,1,9300000,Dilshad Garden
2,1,Semi-Furnished,750,2,6500000,Dilshad Garden
2,1,Unfurnished,500,2,3300000,Dilshad Garden
1,1,Unfurnished,500,2,2400000,Dilshad Garden
3,3,Semi-Furnished,1800,1,15000000,Dilshad Garden
3,1,Unfurnished,1080,1,7000000,Dilshad Garden
1,1,Unfurnished,500,1,4200000,Dilshad Garden
2,1,Furnished,500,1,5800000,Dilshad Garden
3,2,Semi-Furnished,900,1,4800000,Dilshad Garden
2,2,Semi-Furnished,800,1,7500000,Dilshad Garden
1,1,Unfurnished,500,1,3000000,Dilshad Garden
1,1,Unfurnished,500,1,4300000,Dilshad Garden
1,1,Semi-Furnished,500,1,2600000,Dilshad Garden
2,2,Unfurnished,1450,1,7000000,Dilshad Garden
2,2,Unfurnished,800,1,6000000,Dilshad Garden
2,2,Semi-Furnished,1000,1,6700000,Dilshad Garden
3,3,Furnished,1000,1,9500000,Dilshad Garden
3,2,Semi-Furnished,1600,1,17000000,Dilshad Garden
3,2,Furnished,1400,1,15000000,Dwaraka Sub City
3,2,Semi-Furnished,1550,1,15800000,Dwaraka Sub City
4,3,Furnished,2000,1,31500000,Dwaraka Sub City
3,3,Semi-Furnished,1500,1,14000000,Dwaraka Sub City
3,2,Semi-Furnished,1550,1,13200000,Dwaraka Sub City
3,2,Semi-Furnished,1600,1,15800000,Dwaraka Sub City
3,3,Unfurnished,1600,1,16200000,Dwaraka Sub City
3,2,Semi-Furnished,1800,1,15500000,Dwaraka Sub City
3,2,Semi-Furnished,1470,1,14500000,Dwaraka Sub City
3,2,Semi-Furnished,1500,1,14900000,Dwaraka Sub City
3,3,Furnished,1750,1,17200000,Dwaraka Sub City
3,3,Furnished,1650,1,18000000,Dwaraka Sub City
3,2,Semi-Furnished,1850,1,15500000,Dwaraka Sub City
3,2,Furnished,1480,1,15800000,Dwaraka Sub City
2,2,Furnished,1214,1,12600000,Dwaraka Sub City
3,2,Semi-Furnished,1380,1,15000000,Dwaraka Sub City
4,2,Furnished,1600,1,19500000,Dwaraka Sub City
3,3,Semi-Furnished,1585,1,16600000,Dwaraka Sub City
3,3,Semi-Furnished,1700,1,17200000,Dwaraka Sub City
2,2,Semi-Furnished,1200,1,13000000,Dwaraka Sub City
4,3,Semi-Furnished,1800,1,16500000,Dwaraka Sub City
2,2,Semi-Furnished,1000,1,10700000,Dwaraka Sub City
3,2,Furnished,1500,1,16200000,Dwaraka Sub City
3,2,Furnished,1700,1,16500000,Dwaraka Sub City
3,2,Furnished,1750,1,14900000,Dwaraka Sub City
4,3,Furnished,2700,1,27500000,Dwaraka Sub City
3,3,Semi-Furnished,2050,1,21000000,Dwaraka Sub City
2,2,Semi-Furnished,500,1,7500000,Dwaraka Sub City
2,2,Unfurnished,500,1,9500000,Dwaraka Sub City
2,1,Semi-Furnished,665,1,3000000,Dwaraka Sub City
3,2,Semi-Furnished,1050,1,13000000,Dwaraka Sub City
3,2,Unfurnished,500,1,6800000,Dwaraka Sub City
2,1,Unfurnished,800,1,3250000,Dwaraka Sub City
2,2,Unfurnished,1100,1,9300000,Dwaraka Sub City
5,2,Furnished,1460,1,17500000,Dwaraka Sub City
3,3,Semi-Furnished,1700,1,20000000,Dwaraka Sub City
3,3,Semi-Furnished,1750,1,21000000,Dwaraka Sub City
3,3,Semi-Furnished,1600,1,18900000,Dwaraka Sub City
3,2,Semi-Furnished,1500,1,16000000,Dwaraka Sub City
3,2,Semi-Furnished,1150,1,22500000,Dwaraka Sub City
2,2,Furnished,1000,1,10500000,Dwaraka Sub City
2,2,Furnished,800,1,8000000,Dwaraka Sub City
2,2,Unfurnished,800,1,10000000,Dwaraka Sub City
3,3,Unfurnished,1700,1,23000000,Dwaraka Sub City
3,2,Semi-Furnished,1600,1,16700000,Dwaraka Sub City
2,1,Semi-Furnished,900,1,12200000,Dwaraka Sub City
2,2,Semi-Furnished,850,1,10500000,Dwaraka Sub City
3,3,Semi-Furnished,1850,1,22500000,Dwaraka Sub City
3,3,Furnished,1500,1,24000000,Dwaraka Sub City
2,2,Semi-Furnished,1200,1,13000000,Dwaraka Sub City
3,3,Unfurnished,1680,1,22000000,Dwaraka Sub City
3,3,Semi-Furnished,1570,1,17500000,Dwaraka Sub City
2,2,Semi-Furnished,1200,1,15000000,Dwaraka Sub City
3,3,Semi-Furnished,1650,1,17500000,Dwaraka Sub City
3,2,Semi-Furnished,1500,1,18500000,Dwaraka Sub City
3,2,Semi-Furnished,1500,1,17400000,Dwaraka Sub City
3,2,Furnished,1120,1,10500000,Dwaraka Sub City
2,2,Unfurnished,500,1,7500000,Dwaraka Sub City
5,2,Semi-Furnished,500,1,3200000,Dwaraka Sub City
5,2,Unfurnished,550,1,1950000,Dwaraka Sub City
3,2,Semi-Furnished,500,1,5200000,Dwaraka Sub City
4,3,Unfurnished,1949,1,23000000,Dwaraka Sub City
1,1,Semi-Furnished,500,1,2600000,Dwaraka Sub City
3,3,Semi-Furnished,500,1,6500000,Dwaraka Sub City
3,3,Unfurnished,1749,1,13000000,Dwaraka Sub City
2,2,Semi-Furnished,500,2,3100000,Dwaraka Sub City
2,2,Semi-Furnished,846,1,11000000,East Of Kailash
3,3,Furnished,1799,1,47500000,East Of Kailash
4,5,Unfurnished,2000,1,60000000,East Of Kailash
3,3,Semi-Furnished,6074,1,36000000,East Of Kailash
3,3,Semi-Furnished,1400,1,22000000,East Of Kailash
2,2,Semi-Furnished,900,1,8500000,East Of Kailash
3,2,Unfurnished,1600,1,25000000,East Of Kailash
2,2,Semi-Furnished,750,1,6800000,East Of Kailash
2,2,Furnished,900,1,7500000,East Of Kailash
2,2,Semi-Furnished,1196,1,10500000,East Of Kailash
2,2,Unfurnished,1250,1,22500000,East Of Kailash
3,3,Unfurnished,1500,2,49000000,East Of Kailash
3,2,Semi-Furnished,1250,1,27500000,East Of Kailash
5,5,Semi-Furnished,2699,1,10000000,Faridabad
2,2,Semi-Furnished,1006,1,3070000,Faridabad
3,3,Unfurnished,4748,1,18500000,Faridabad
3,3,Unfurnished,500,1,8900000,Faridabad
2,2,Furnished,4535,1,12600000,Faridabad
2,1,Semi-Furnished,750,1,2200000,Faridabad
2,2,Furnished,1045,1,4000000,Faridabad
2,2,Furnished,1045,1,3500000,Faridabad
2,2,Furnished,1265,1,3800000,Faridabad
2,2,Semi-Furnished,1265,1,3900000,Faridabad
2,2,Furnished,1050,1,3800000,Faridabad
2,2,Furnished,1265,1,4650000,Faridabad
3,2,Furnished,1264,1,3800000,Faridabad
3,2,Furnished,1525,1,6000000,Faridabad
2,2,Semi-Furnished,1265,1,5000000,Faridabad
2,2,Semi-Furnished,1265,1,4500000,Faridabad
2,2,Semi-Furnished,1045,1,4000000,Faridabad
2,2,Furnished,1265,1,4500000,Faridabad
3,2,Furnished,1045,2,3400000,Faridabad
3,3,Furnished,2250,1,8000000,Faridabad
3,2,Furnished,1200,1,3800000,Faridabad
3,3,Furnished,2250,1,7800000,Faridabad
2,2,Furnished,1487,1,4300000,Faridabad
3,3,Furnished,1646,1,5500000,Faridabad
2,2,Semi-Furnished,1248,1,4500000,Faridabad
3,2,Furnished,1526,1,5600000,Faridabad
3,3,Semi-Furnished,1554,1,6200000,Faridabad
2,2,Furnished,1165,1,4200000,Faridabad
2,2,Furnished,610,1,2500000,Faridabad
2,2,Furnished,1248,1,4230000,Faridabad
3,2,Unfurnished,1290,1,3500000,Faridabad
2,2,Unfurnished,1200,1,4100000,Faridabad
2,2,Furnished,1210,1,4600000,Faridabad
2,2,Furnished,850,1,3600000,Faridabad
2,2,Furnished,1165,1,4400000,Faridabad
2,2,Furnished,1337,1,4200000,Faridabad
3,3,Furnished,1500,1,5950000,Faridabad
2,2,Furnished,1200,1,4100000,Faridabad
3,3,Furnished,1575,1,5700000,Faridabad
2,2,Furnished,1025,1,4000000,Faridabad
2,2,Furnished,1025,1,4000000,Faridabad
3,2,Semi-Furnished,2000,1,8800000,Faridabad
2,2,Furnished,1120,1,4740000,Faridabad
3,2,Semi-Furnished,1380,3,5000000,Faridabad
3,2,Semi-Furnished,1450,1,5200000,Faridabad
2,2,Semi-Furnished,1025,2,4000000,Faridabad
2,2,Unfurnished,1100,1,4500000,Faridabad
2,2,Semi-Furnished,1380,2,4500000,Faridabad
2,2,Unfurnished,1250,1,4000000,Faridabad
3,3,Furnished,1500,1,5910000,Faridabad
2,2,Furnished,1273,1,5100000,Faridabad
3,4,Furnished,1565,1,5600000,Faridabad
5,2,Unfurnished,540,1,17000000,Gandhi Nagar
3,3,Unfurnished,1350,1,25000000,Gandhi Nagar
3,2,Unfurnished,2250,1,10000000,Gandhi Nagar
3,2,Furnished,760,1,6000000,Geeta Colony
1,1,Unfurnished,500,1,2200000,Geeta Colony
5,4,Furnished,810,1,28900000,Geeta Colony
3,2,Unfurnished,500,1,5500000,Geeta Colony
2,1,Unfurnished,500,1,3800000,Geeta Colony
5,5,Semi-Furnished,6499,1,165000000,Greater Kailash
4,4,Semi-Furnished,7173,1,49500000,Greater Kailash
3,3,Semi-Furnished,1872,1,27000000,Greater Kailash
2,2,Semi-Furnished,1000,1,25000000,Greater Kailash
3,4,Semi-Furnished,1934,1,54000000,Greater Kailash
5,5,Furnished,7000,1,165000000,Greater Kailash
4,4,Semi-Furnished,14000,1,70000000,Greater Kailash
3,3,Semi-Furnished,5905,1,39000000,Greater Kailash
3,3,Furnished,8983,1,45000000,Greater Kailash
4,4,Semi-Furnished,2400,1,70000000,Greater Kailash
4,3,Semi-Furnished,2700,1,60000000,Greater Kailash
5,4,Unfurnished,5025,3,170000000,Greater Kailash
4,4,Semi-Furnished,2799,1,65000000,Greater Kailash
4,4,Unfurnished,2650,2,75000000,Greater Kailash
4,4,Semi-Furnished,2200,2,47500000,Greater Kailash
5,4,Semi-Furnished,3500,1,70000000,Greater Kailash
4,4,Semi-Furnished,2200,2,47500000,Greater Kailash
4,4,Semi-Furnished,2200,1,40000000,Greater Kailash
4,4,Semi-Furnished,3500,3,85000000,Greater Kailash
3,3,Semi-Furnished,1440,3,26000000,Greater Kailash
4,4,Semi-Furnished,3150,3,35000000,Greater Kailash
2,2,Semi-Furnished,900,3,20000000,Greater Kailash
4,4,Semi-Furnished,3690,3,79000000,Greater Kailash
3,2,Semi-Furnished,1200,3,17000000,Greater Kailash
4,4,Semi-Furnished,4500,2,47500000,Greater Kailash
4,4,Semi-Furnished,2799,2,43000000,Greater Kailash
3,3,Unfurnished,1350,1,26000000,Greater Kailash
3,3,Unfurnished,1200,1,25000000,Greater Kailash
4,4,Semi-Furnished,2177,2,51000000,Greater Kailash
3,3,Semi-Furnished,1500,2,40000000,Greater Kailash
3,3,Unfurnished,1600,1,22500000,Greater Kailash
4,4,Semi-Furnished,4500,1,70000000,Greater Kailash
4,4,Unfurnished,2150,2,45000000,Greater Kailash
4,4,Semi-Furnished,2107,2,51100000,Greater Kailash
3,3,Semi-Furnished,1150,1,25500000,Greater Kailash
3,3,Unfurnished,1240,2,26500000,Greater Kailash
2,2,Unfurnished,1000,1,15000000,Greater Kailash
4,4,Semi-Furnished,4500,2,55000000,Greater Kailash
3,3,Semi-Furnished,1150,2,26000000,Greater Kailash
4,4,Semi-Furnished,2000,2,38000000,Greater Kailash
4,4,Semi-Furnished,4500,2,72500000,Greater Kailash
4,4,Semi-Furnished,3000,3,65000000,Greater Kailash
4,4,Semi-Furnished,2400,1,70000000,Greater Kailash
4,3,Semi-Furnished,2700,1,60000000,Greater Kailash
5,4,Unfurnished,5025,3,170000000,Greater Kailash
4,4,Semi-Furnished,22050,2,51000000,Greater Kailash
3,3,Semi-Furnished,1600,1,30000000,Greater Kailash
4,4,Unfurnished,2700,2,36500000,Greater Kailash
2,2,Semi-Furnished,1250,1,25000000,Greater Kailash
3,3,Semi-Furnished,1600,2,42500000,Greater Kailash
3,3,Unfurnished,1650,1,40500000,Greater Kailash
3,3,Unfurnished,1650,1,31500000,Greater Kailash
3,3,Semi-Furnished,500,2,50000000,Greater Kailash
3,3,Semi-Furnished,500,2,42500000,Greater Kailash
2,3,Semi-Furnished,1150,1,14500000,Greater Kailash
3,3,Semi-Furnished,1900,1,45000000,Greater Kailash
3,3,Semi-Furnished,2000,1,55000000,Greater Kailash
3,3,Semi-Furnished,1550,1,40000000,Greater Kailash
3,3,Semi-Furnished,500,1,55000000,Greater Kailash
3,2,Semi-Furnished,2355,1,10000000,Greater Noida
2,2,Unfurnished,1010,1,3500000,Greater Noida
1,1,Unfurnished,500,1,2500000,Greater Noida
2,2,Semi-Furnished,925,1,5000000,Greater Noida
1,1,Furnished,688,1,5500000,Greater Noida
4,4,Semi-Furnished,2194,1,17500000,Greater Noida
3,3,Semi-Furnished,899,1,7000000,Greater Noida
3,3,Semi-Furnished,1589,1,11500000,Greater Noida
2,2,Semi-Furnished,959,1,2300000,Greater Noida
4,4,Semi-Furnished,1800,1,9600000,Greater Noida
3,2,Semi-Furnished,500,1,6000000,Greater Noida
2,2,Semi-Furnished,1027,2,4400000,Greater Noida
3,3,Furnished,500,1,4500000,Greater Noida
3,3,Semi-Furnished,2200,1,16500000,Greater Noida
2,2,Semi-Furnished,915,1,8000000,Greater Noida
3,2,Semi-Furnished,1000,1,4800000,Greater Noida
5,4,Semi-Furnished,4544,1,33000000,Greater Noida
5,5,Semi-Furnished,3435,1,25000000,Greater Noida
2,2,Unfurnished,600,1,3000000,Greater Noida
2,2,Semi-Furnished,1225,1,7000000,Greater Noida
2,2,Semi-Furnished,899,2,3080000,Greater Noida
1,1,Furnished,500,1,3000000,Greater Noida
3,3,Semi-Furnished,1325,1,16000000,Greater Noida
2,2,Unfurnished,1215,1,5000000,Greater Noida
4,4,Semi-Furnished,3959,1,16500000,Greater Noida
2,2,Unfurnished,539,1,3000000,Greater Noida
3,2,Semi-Furnished,1549,1,4800000,Greater Noida
3,3,Semi-Furnished,1755,1,7800000,Greater Noida
2,1,Unfurnished,514,1,1600000,Greater Noida
3,2,Semi-Furnished,900,1,3800000,Greater Noida
3,2,Unfurnished,500,1,5000000,Greater Noida
1,1,Unfurnished,775,2,4200000,Greater Noida
3,2,Unfurnished,2355,1,11500000,Greater Noida
4,4,Semi-Furnished,1900,1,14000000,Greater Noida
5,5,Unfurnished,8357,1,58500000,Greater Noida
2,2,Unfurnished,1039,1,5000000,Greater Noida
2,2,Semi-Furnished,1722,1,23500000,Greater Noida
3,4,Unfurnished,3150,3,20000000,Greater Noida
2,2,Furnished,1000,1,4250000,Greater Noida
1,1,Semi-Furnished,2109,1,46000000,Greater Noida
5,5,Semi-Furnished,5000,1,55000000,Greater Noida
5,5,Semi-Furnished,7008,1,26000000,Greater Noida
5,5,Semi-Furnished,4110,1,80000000,Greater Noida
2,2,Semi-Furnished,1000,1,5200000,Greater Noida
3,3,Unfurnished,1450,1,7500000,Greater Noida
3,3,Furnished,2411,1,7420000,Greater Noida
5,5,Unfurnished,13748,1,75000000,Greater Noida
5,5,Semi-Furnished,4518,1,90000000,Greater Noida
3,2,Unfurnished,2159,1,12000000,Greater Noida
3,3,Unfurnished,517,1,11000000,Greater Noida
2,4,Semi-Furnished,500,1,4800000,Greater Noida
2,2,Unfurnished,744,1,4500000,Greater Noida
5,5,Semi-Furnished,6400,1,105000000,Greater Noida
4,5,Unfurnished,3199,2,55000000,Greater Noida
4,4,Semi-Furnished,2750,3,22000000,Greater Noida
2,1,Unfurnished,1200,2,3000000,Greater Noida
1,1,Semi-Furnished,550,1,1430000,Greater Noida
5,5,Semi-Furnished,8375,1,50000000,Greater Noida
5,2,Semi-Furnished,6643,1,41000000,Greater Noida
4,4,Unfurnished,2399,1,17500000,Greater Noida
4,1,Unfurnished,4000,1,15900000,Greater Noida
3,2,Unfurnished,1700,1,10000000,Greater Noida
3,1,Furnished,1800,1,9000000,Greater Noida
3,3,Semi-Furnished,4815,1,56000000,Greater Noida
2,2,Furnished,1280,1,6800000,Greater Noida
4,4,Furnished,1411,1,25000000,Greater Noida
4,4,Semi-Furnished,2102,1,18500000,Greater Noida
1,1,Semi-Furnished,656,1,3500000,Greater Noida
4,3,Semi-Furnished,4000,1,75000000,Greater Noida
2,2,Semi-Furnished,1250,2,3250000,Greater Noida
3,3,Semi-Furnished,842,1,4860000,Greater Noida
5,5,Semi-Furnished,1808,1,46000000,Greater Noida
4,4,Semi-Furnished,3240,3,27900000,Greater Noida
1,1,Unfurnished,500,2,1050000,Greater Noida
1,1,Unfurnished,775,1,9500000,Greater Noida
2,2,Semi-Furnished,1877,1,9200000,Greater Noida
2,2,Furnished,1290,1,11000000,Greater Noida
2,1,Semi-Furnished,534,1,1600000,Greater Noida
2,2,Unfurnished,2355,1,9500000,Greater Noida
2,2,Semi-Furnished,1291,1,7000000,Greater Noida
6,4,Semi-Furnished,1000,1,10000000,Greater Noida
3,3,Unfurnished,1385,1,4500000,Greater Noida
3,2,Furnished,1701,1,6500000,Greater Noida
2,2,Furnished,925,1,3600000,Greater Noida
2,2,Furnished,1050,1,4200000,Greater Noida
4,3,Furnished,1888,1,7000000,Greater Noida
2,2,Unfurnished,1055,1,3850000,Greater Noida
2,2,Furnished,1275,1,4500000,Greater Noida
3,2,Furnished,1290,1,3600000,Greater Noida
3,2,Furnished,1395,1,4500000,Greater Noida
2,2,Furnished,1370,1,6200000,Greater Noida
2,2,Furnished,1115,1,3700000,Greater Noida
2,2,Semi-Furnished,1155,1,4500000,Greater Noida
2,2,Furnished,1370,1,6000000,Greater Noida
2,2,Furnished,975,1,3500000,Greater Noida
2,2,Furnished,1000,1,3960000,Greater Noida
3,2,Unfurnished,1494,1,4800000,Greater Noida
2,2,Semi-Furnished,1000,1,3100000,Greater Noida
3,2,Furnished,1295,1,4120000,Greater Noida
3,2,Unfurnished,1425,1,5800000,Greater Noida
2,2,Furnished,1115,1,3800000,Greater Noida
2,2,Semi-Furnished,1075,1,4000000,Greater Noida
3,3,Furnished,1385,1,4800000,Greater Noida
2,2,Furnished,900,1,3200000,Greater Noida
2,2,Furnished,900,1,3500000,Greater Noida
2,2,Furnished,975,1,4000000,Greater Noida
3,3,Furnished,1705,1,6450000,Greater Noida
2,2,Furnished,1270,1,4850000,Greater Noida
2,2,Furnished,995,1,3500000,Greater Noida
2,2,Furnished,788,3,3200000,Greater Noida
2,2,Semi-Furnished,990,1,3220000,Greater Noida
2,2,Furnished,1115,1,4200000,Greater Noida
2,2,Furnished,1115,1,3500000,Greater Noida
2,2,Furnished,1030,1,4000000,Greater Noida
2,2,Furnished,975,1,3100000,Greater Noida
2,2,Furnished,990,1,3500000,Greater Noida
2,2,Furnished,1150,1,4400000,Greater Noida
3,2,Furnished,1295,1,5450000,Greater Noida
2,2,Unfurnished,799,1,3500000,Greater Noida
3,3,Furnished,1295,1,5200000,Greater Noida
3,3,Furnished,1705,1,6200000,Greater Noida
2,2,Furnished,1075,1,3500000,Greater Noida
2,2,Furnished,900,1,3500000,Greater Noida
3,3,Furnished,1962,1,10700000,Greater Noida
2,2,Furnished,1270,1,4200000,Greater Noida
3,2,Furnished,900,1,6500000,Greater Noida
2,2,Furnished,1100,1,3400000,Greater Noida
2,2,Unfurnished,1005,1,3050000,Greater Noida
3,2,Furnished,1500,1,5620000,Greater Noida
2,2,Furnished,1050,1,3500000,Greater Noida
2,2,Furnished,1200,1,4500000,Greater Noida
2,2,Furnished,1050,1,3800000,Greater Noida
3,3,Unfurnished,1730,1,6000000,Greater Noida
2,2,Semi-Furnished,1240,1,6200000,Greater Noida
2,2,Semi-Furnished,1050,1,4200000,Greater Noida
2,2,Furnished,895,1,3000000,Greater Noida
2,2,Furnished,1050,1,3500000,Greater Noida
2,2,Furnished,1050,1,3200000,Greater Noida
3,2,Semi-Furnished,1450,1,6000000,Greater Noida
2,2,Furnished,1200,1,4000000,Greater Noida
3,4,Unfurnished,1742,1,6000000,Greater Noida
2,2,Furnished,1150,1,4200000,Greater Noida
2,2,Unfurnished,1050,1,3800000,Greater Noida
2,2,Furnished,1150,1,3900000,Greater Noida
3,3,Semi-Furnished,1815,2,6500000,Greater Noida
3,2,Semi-Furnished,1350,1,6500000,Greater Noida
3,2,Furnished,1555,1,5300000,Greater Noida
2,2,Furnished,895,1,3180000,Greater Noida
3,3,Furnished,1900,1,7000000,Greater Noida
3,2,Furnished,1450,1,5200000,Greater Noida
3,3,Furnished,1800,1,9200000,Greater Noida
4,3,Unfurnished,1800,1,8500000,Greater Noida
3,2,Furnished,1297,1,5500000,Greater Noida
3,2,Unfurnished,1500,3,7000000,Greater Noida
4,3,Furnished,1950,1,6900000,Greater Noida
3,2,Furnished,1540,1,7200000,Greater Noida
3,3,Furnished,1800,2,8250000,Greater Noida
3,4,Furnished,1800,1,8000000,Greater Noida
3,3,Furnished,1800,1,9000000,Greater Noida
3,3,Unfurnished,1800,1,7950000,Greater Noida
3,3,Furnished,1830,1,6700000,Greater Noida
3,3,Semi-Furnished,1742,1,7000000,Greater Noida
2,3,Furnished,1507,1,5600000,Greater Noida
2,2,Furnished,1050,1,3800000,Greater Noida
3,3,Semi-Furnished,1742,1,6540000,Greater Noida
3,4,Furnished,1742,1,7000000,Greater Noida
2,2,Semi-Furnished,1050,1,4000000,Greater Noida
2,2,Furnished,1260,1,4000000,Greater Noida
3,3,Furnished,1742,1,6500000,Greater Noida
3,2,Semi-Furnished,1500,1,6600000,Greater Noida
3,4,Semi-Furnished,1742,1,6500000,Greater Noida
2,2,Furnished,1260,1,4000000,Greater Noida
3,3,Furnished,2250,1,8500000,Greater Noida
3,3,Semi-Furnished,1742,1,8000000,Greater Noida
3,3,Semi-Furnished,1742,1,6500000,Greater Noida
3,2,Furnished,1850,1,6500000,Greater Noida
2,2,Unfurnished,1370,1,5000000,Greater Noida
2,2,Furnished,920,1,3850000,Greater Noida
2,2,Furnished,1300,1,5100000,Greater Noida
3,3,Furnished,1650,1,13800000,Greater Noida
3,3,Unfurnished,1350,1,8500000,Greater Noida
2,2,Furnished,1150,1,6000000,Greater Noida
2,2,Furnished,880,1,3060000,Greater Noida
3,2,Semi-Furnished,1440,1,7000000,Greater Noida
2,2,Furnished,890,1,3160000,Greater Noida
4,4,Unfurnished,2200,1,15000000,Greater Noida
3,2,Semi-Furnished,1175,1,4500000,Greater Noida
2,2,Furnished,1000,1,3500000,Greater Noida
2,2,Unfurnished,1285,1,5000000,Greater Noida
2,2,Furnished,1160,1,5200000,Greater Noida
3,2,Unfurnished,1390,1,4900000,Greater Noida
3,4,Furnished,1766,1,8500000,Greater Noida
3,3,Furnished,1521,1,7700000,Greater Noida
2,2,Furnished,895,1,3200000,Greater Noida
3,3,Unfurnished,1186,1,6000000,Greater Noida
2,2,Furnished,1010,1,3800000,Greater Noida
3,2,Furnished,1267,1,3800000,Greater Noida
2,2,Semi-Furnished,995,1,3350000,Greater Noida
2,2,Furnished,985,1,3700000,Greater Noida
2,2,Unfurnished,895,1,2700000,Greater Noida
2,2,Furnished,895,1,2690000,Greater Noida
2,2,Furnished,1010,1,3800000,Greater Noida
2,2,Furnished,1045,1,4000000,Greater Noida
3,2,Furnished,1625,1,5600000,Greater Noida
2,2,Unfurnished,1125,1,3750000,Greater Noida
3,3,Unfurnished,1610,1,7000000,Greater Noida
2,2,Semi-Furnished,1125,1,4500000,Greater Noida
2,2,Unfurnished,1225,1,4900000,Greater Noida
3,2,Furnished,1170,1,3900000,Greater Noida
3,4,Furnished,1745,1,7000000,Greater Noida
2,2,Semi-Furnished,748,1,3200000,Greater Noida
2,2,Unfurnished,995,1,3500000,Greater Noida
2,2,Unfurnished,1195,1,5000000,Greater Noida
2,2,Semi-Furnished,880,1,3300000,Greater Noida
3,3,Unfurnished,1700,1,7000000,Greater Noida
2,2,Semi-Furnished,900,1,2800000,Greater Noida
3,2,Semi-Furnished,1430,1,6100000,Greater Noida
3,2,Unfurnished,1150,1,5800000,Greater Noida
3,3,Unfurnished,1360,1,5000000,Greater Noida
2,2,Furnished,955,1,3850000,Greater Noida
2,2,Semi-Furnished,1160,1,4800000,Greater Noida
3,3,Semi-Furnished,1545,1,6300000,Greater Noida
2,2,Unfurnished,1270,1,4300000,Greater Noida
3,2,Furnished,1170,1,4500000,Greater Noida
2,2,Furnished,980,1,4500000,Greater Noida
3,2,Unfurnished,1206,1,5500000,Greater Noida
3,2,Semi-Furnished,1295,1,6000000,Greater Noida
3,2,Furnished,1080,1,4500000,Greater Noida
2,2,Furnished,1164,1,4100000,Greater Noida
4,4,Semi-Furnished,3200,1,14000000,Greater Noida
3,3,Furnished,1650,1,9000000,Greater Noida
3,4,Semi-Furnished,3503,1,14000000,Gurgaon
2,2,Unfurnished,1025,1,5000000,Gurgaon
5,3,Furnished,2561,1,13500000,Gurgaon
4,4,Semi-Furnished,4600,1,49000000,Gurgaon
3,3,Semi-Furnished,4193,1,32500000,Gurgaon
3,3,Semi-Furnished,1550,1,12000000,Gurgaon
5,5,Semi-Furnished,7500,1,90000000,Gurgaon
1,1,Semi-Furnished,1260,1,5500000,Gurgaon
5,5,Semi-Furnished,3638,1,17500000,Gurgaon
5,5,Semi-Furnished,4000,1,14000000,Gurgaon
5,5,Semi-Furnished,5000,1,50000000,Gurgaon
5,5,Semi-Furnished,2690,1,36000000,Gurgaon
1,2,Semi-Furnished,6500,1,90000000,Gurgaon
2,3,Semi-Furnished,1350,1,13500000,Gurgaon
1,1,Unfurnished,500,1,2800000,Gurgaon
4,4,Semi-Furnished,2500,3,56000000,Gurgaon
3,2,Semi-Furnished,1049,1,4000000,Gurgaon
4,4,Semi-Furnished,4358,1,65000000,Gurgaon
3,2,Semi-Furnished,1364,1,3550000,Gurgaon
2,2,Semi-Furnished,1270,1,5700000,Gurgaon
4,5,Semi-Furnished,4712,1,60000000,Gurgaon
3,5,Unfurnished,1800,1,20000000,Gurgaon
5,3,Unfurnished,1345,1,33600000,Gurgaon
5,5,Unfurnished,4500,1,60000000,Gurgaon
5,5,Semi-Furnished,23284,1,76000000,Gurgaon
4,5,Unfurnished,2355,1,33500000,Gurgaon
3,3,Unfurnished,1777,1,18000000,Gurgaon
3,3,Semi-Furnished,1589,1,6800000,Gurgaon
5,5,Semi-Furnished,7500,2,90000000,Gurgaon
4,4,Unfurnished,3149,1,17500000,Gurgaon
4,3,Semi-Furnished,2199,1,17100000,Gurgaon
3,3,Semi-Furnished,4712,1,14500000,Gurgaon
3,2,Furnished,2299,1,15000000,Gurgaon
2,4,Unfurnished,1400,2,15000000,Gurgaon
5,4,Semi-Furnished,20798,1,62500000,Gurgaon
5,3,Semi-Furnished,5711,1,41000000,Gurgaon
3,3,Furnished,1779,1,11500000,Gurgaon
2,2,Semi-Furnished,1415,1,10000000,Gurgaon
4,3,Semi-Furnished,500,1,5300000,Gurgaon
3,4,Semi-Furnished,2368,1,35000000,Gurgaon
3,3,Unfurnished,1405,1,9000000,Gurgaon
2,2,Unfurnished,500,1,7500000,Gurgaon
3,3,Unfurnished,2700,1,27500000,Gurgaon
2,2,Semi-Furnished,518,1,7000000,Gurgaon
5,3,Unfurnished,5808,1,65000000,Gurgaon
4,4,Semi-Furnished,3276,1,25000000,Gurgaon
3,2,Semi-Furnished,1619,1,18500000,Gurgaon
5,5,Semi-Furnished,2691,1,55000000,Gurgaon
5,1,Unfurnished,4305,2,80000000,Gurgaon
3,4,Semi-Furnished,2013,1,30000000,Gurgaon
3,3,Semi-Furnished,1712,2,12600000,Gurgaon
3,3,Semi-Furnished,729,1,6200000,Gurgaon
2,2,Furnished,1312,1,4700000,Gurgaon
4,3,Semi-Furnished,3600,1,16200000,Gurgaon
3,3,Semi-Furnished,1124,1,5500000,Gurgaon
3,3,Furnished,1900,3,12500000,Gurgaon
4,4,Furnished,4500,3,35000000,Gurgaon
4,4,Furnished,3000,2,24000000,Gurgaon
3,2,Unfurnished,1720,1,10500000,Gurgaon
4,4,Unfurnished,2040,2,11500000,Gurgaon
3,3,Furnished,2285,1,13000000,Gurgaon
4,4,Semi-Furnished,4000,2,24500000,Gurgaon
3,4,Semi-Furnished,1750,3,14000000,Gurgaon
3,3,Furnished,1752,1,9900000,Gurgaon
4,4,Semi-Furnished,2700,3,29500000,Gurgaon
2,2,Unfurnished,1020,1,9350000,Gurgaon
3,3,Semi-Furnished,2000,1,16000000,Gurgaon
3,3,Furnished,2286,1,17500000,Gurgaon
4,4,Furnished,4500,1,35000000,Gurgaon
3,3,Semi-Furnished,2300,2,16000000,Gurgaon
2,2,Unfurnished,994,1,10000000,Gurgaon
3,3,Semi-Furnished,1470,1,15500000,Gurgaon
3,2,Semi-Furnished,1600,1,16500000,Gurgaon
3,3,Semi-Furnished,2000,1,25000000,Gurgaon
5,4,Unfurnished,4000,1,26000000,Gurgaon
3,3,Semi-Furnished,1800,1,17000000,Gurgaon
3,3,Semi-Furnished,1450,1,18000000,Gurgaon
4,4,Semi-Furnished,2400,2,24500000,Gurgaon
3,3,Semi-Furnished,2000,1,22500000,Gurgaon
3,3,Furnished,1700,1,15000000,Gurgaon
6,4,Furnished,5000,3,60000000,Gurgaon
3,2,Unfurnished,1600,1,8700000,Gurgaon
2,2,Semi-Furnished,900,1,8000000,Gurgaon
3,3,Furnished,1750,2,6000000,Gurgaon
3,3,Furnished,1675,2,15000000,Gurgaon
3,2,Unfurnished,1200,1,5000000,Gurgaon
2,2,Semi-Furnished,625,1,3800000,Gurgaon
3,4,Semi-Furnished,2387,3,23300000,Gurgaon
4,4,Semi-Furnished,2100,1,16500000,Gurgaon
2,2,Semi-Furnished,1025,1,9100000,Gurgaon
4,4,Semi-Furnished,2500,1,15000000,Gurgaon
5,4,Semi-Furnished,3700,2,39100000,Gurgaon
3,3,Unfurnished,2520,1,47500000,Hauz Khas
3,4,Unfurnished,1700,2,45000000,Hauz Khas
3,3,Semi-Furnished,1800,2,43500000,Hauz Khas
5,4,Semi-Furnished,6000,3,180000000,Hauz Khas
4,4,Semi-Furnished,1800,2,80000000,Hauz Khas
3,3,Unfurnished,2000,2,37500000,Hauz Khas
4,4,Unfurnished,2066,2,60000000,Hauz Khas
3,3,Semi-Furnished,2050,2,71000000,Hauz Khas
3,3,Unfurnished,1100,2,18500000,Hauz Khas
4,4,Semi-Furnished,4500,2,70000000,Hauz Khas
4,4,Semi-Furnished,4500,2,85000000,Hauz Khas
4,4,Unfurnished,6500,3,190000000,Hauz Khas
4,4,Semi-Furnished,4350,2,135000000,Hauz Khas
3,3,Unfurnished,1750,2,35000000,Hauz Khas
4,4,Semi-Furnished,3600,2,65000000,Hauz Khas
2,2,Furnished,1200,1,27500000,Hauz Khas
3,4,Unfurnished,1500,2,45000000,Hauz Khas
4,4,Unfurnished,2250,3,100000000,Hauz Khas
3,4,Semi-Furnished,1800,2,47000000,Hauz Khas
3,4,Semi-Furnished,1600,2,27500000,Hauz Khas
4,4,Semi-Furnished,2800,3,70000000,Hauz Khas
3,3,Semi-Furnished,1700,1,36500000,Hauz Khas
4,4,Unfurnished,2400,1,65000000,Hauz Khas
3,4,Unfurnished,1980,1,35000000,Hauz Khas
4,4,Semi-Furnished,2100,1,56000000,Hauz Khas
4,4,Unfurnished,5400,2,110000000,Hauz Khas
3,3,Semi-Furnished,1250,1,24000000,Hauz Khas
4,4,Semi-Furnished,2300,1,102500000,Hauz Khas
4,4,Semi-Furnished,2700,2,100000000,Hauz Khas
3,3,Semi-Furnished,1450,1,45000000,Hauz Khas
3,3,Semi-Furnished,500,1,22500000,Janakpuri
3,3,Semi-Furnished,1350,1,30000000,Janakpuri
3,3,Unfurnished,1250,1,24500000,Janakpuri
3,3,Unfurnished,1250,1,21200000,Janakpuri
3,3,Unfurnished,2925,1,30000000,Janakpuri
2,2,Unfurnished,774,1,11000000,Janakpuri
4,4,Unfurnished,1447,1,25000000,Janakpuri
3,3,Semi-Furnished,500,1,4500000,Janakpuri
5,5,Semi-Furnished,2700,1,95000000,Janakpuri
2,2,Semi-Furnished,729,1,4800000,Janakpuri
5,4,Furnished,2900,1,51000000,Janakpuri
3,2,Semi-Furnished,800,1,4400000,Janakpuri
4,3,Unfurnished,990,1,7200000,Janakpuri
3,2,Semi-Furnished,1100,1,7500000,Janakpuri
3,2,Unfurnished,1100,1,6500000,Janakpuri
2,2,Semi-Furnished,527,1,3500000,Janakpuri
2,2,Semi-Furnished,1000,1,6500000,Janakpuri
3,2,Semi-Furnished,1000,1,6200000,Janakpuri
1,1,Semi-Furnished,500,1,2500000,Janakpuri
2,2,Semi-Furnished,600,1,3000000,Janakpuri
3,2,Furnished,950,1,6000000,Janakpuri
3,2,Unfurnished,855,1,4800000,Janakpuri
2,2,Semi-Furnished,770,1,3790000,Janakpuri
3,2,Semi-Furnished,810,1,4200000,Janakpuri
2,2,Unfurnished,710,1,2900000,Janakpuri
3,2,Unfurnished,950,1,5000000,Janakpuri
1,1,Semi-Furnished,500,1,2100000,Janakpuri
2,2,Semi-Furnished,500,1,3200000,Janakpuri
2,1,Semi-Furnished,600,1,3000000,Janakpuri
1,1,Unfurnished,500,1,2300000,Janakpuri
3,2,Semi-Furnished,900,1,5900000,Janakpuri
3,2,Semi-Furnished,945,1,5500000,Janakpuri
2,2,Unfurnished,565,1,3500000,Janakpuri
2,1,Semi-Furnished,500,1,1700000,Janakpuri
1,1,Unfurnished,500,1,1850000,Janakpuri
2,2,Unfurnished,550,1,2300000,Janakpuri
3,2,Furnished,810,1,3800000,Janakpuri
3,2,Semi-Furnished,720,1,4500000,Janakpuri
2,1,Semi-Furnished,500,1,2200000,Janakpuri
3,2,Semi-Furnished,820,1,5200000,Janakpuri
2,2,Semi-Furnished,500,1,2200000,Janakpuri
3,3,Unfurnished,1300,1,23000000,Janakpuri
2,2,Unfurnished,720,1,10000000,Janakpuri
3,2,Unfurnished,1400,1,15000000,Janakpuri
3,3,Unfurnished,1180,1,27500000,Janakpuri
2,2,Unfurnished,1200,1,15000000,Janakpuri
2,2,Unfurnished,1000,1,16000000,Janakpuri
2,2,Furnished,720,1,11000000,Janakpuri
3,3,Semi-Furnished,500,1,29000000,Janakpuri
3,3,Semi-Furnished,1000,1,7800000,Janakpuri
3,2,Semi-Furnished,1300,1,17000000,Janakpuri
5,4,Furnished,2900,1,51000000,Janakpuri
3,3,Unfurnished,1184,1,22500000,Kailash Colony
2,2,Unfurnished,4599,1,16500000,Kailash Colony
4,3,Unfurnished,10060,1,45000000,Kailash Colony
3,3,Unfurnished,1250,1,30000000,Kalkaji
2,2,Unfurnished,503,1,8700000,Kalkaji
1,1,Unfurnished,548,1,3000000,Kalkaji
3,3,Furnished,699,1,40000000,Kalkaji
3,2,Semi-Furnished,729,1,5000000,Kalkaji
2,2,Semi-Furnished,500,1,3300000,Kalkaji
2,2,Semi-Furnished,700,1,3800000,Kalkaji
3,3,Semi-Furnished,900,1,7000000,Kalkaji
3,3,Semi-Furnished,1260,2,16500000,Kalkaji
3,2,Semi-Furnished,950,1,8000000,Kalkaji
1,1,Unfurnished,500,1,5600000,Kalkaji
2,2,Furnished,1800,1,21000000,Kalkaji
3,3,Semi-Furnished,1300,2,21000000,Kalkaji
3,3,Semi-Furnished,1000,2,8600000,Kalkaji
3,2,Semi-Furnished,900,2,6600000,Kalkaji
3,3,Semi-Furnished,1800,2,14000000,Kalkaji
2,2,Unfurnished,720,2,4700000,Kalkaji
3,3,Unfurnished,1485,1,30000000,Kalkaji
3,3,Semi-Furnished,1600,2,26000000,Kalkaji
2,2,Furnished,1200,2,18500000,Kalkaji
2,2,Semi-Furnished,900,2,6500000,Kalkaji
2,2,Unfurnished,900,2,15000000,Kalkaji
2,2,Semi-Furnished,800,1,8000000,Kalkaji
2,3,Semi-Furnished,1150,2,16100000,Kalkaji
3,3,Semi-Furnished,900,1,6800000,Kalkaji
3,2,Furnished,1070,1,6800000,Kalkaji
2,2,Unfurnished,1050,1,9000000,Kalkaji
2,2,Semi-Furnished,1000,1,18000000,Kalkaji
3,3,Unfurnished,1550,2,27500000,Kalkaji
3,2,Unfurnished,1300,1,13500000,Kalkaji
2,2,Semi-Furnished,810,1,14000000,Kalkaji
2,2,Furnished,900,1,9000000,Kalkaji
2,2,Unfurnished,1200,1,16000000,Kalkaji
2,3,Semi-Furnished,1000,1,11000000,Kalkaji
2,2,Unfurnished,720,1,5500000,Kalkaji
3,2,Semi-Furnished,1350,1,17500000,Kalkaji
3,3,Semi-Furnished,1800,1,26000000,Kalkaji
3,4,Semi-Furnished,1600,2,51000000,Kalkaji
3,3,Semi-Furnished,1400,1,39000000,Kalkaji
3,3,Semi-Furnished,500,1,18000000,Kalkaji
3,3,Semi-Furnished,1700,1,26000000,Kalkaji
5,2,Semi-Furnished,900,1,18500000,Kalkaji
3,2,Unfurnished,1300,1,13000000,Kalkaji
2,2,Furnished,1200,1,12000000,Kalkaji
3,3,Semi-Furnished,1450,2,21500000,Kalkaji
3,3,Unfurnished,1900,1,22500000,Kalkaji
4,4,Semi-Furnished,2700,1,26000000,Kalkaji
2,2,Semi-Furnished,900,3,11000000,Kalkaji
3,3,Unfurnished,1800,1,18000000,Kalkaji
3,4,Furnished,2000,1,27500000,Kalkaji
2,2,Unfurnished,1680,1,32500000,Karampura
2,2,Furnished,1732,1,37500000,Karampura
2,3,Semi-Furnished,1750,2,30000000,Karampura
3,3,Furnished,2300,2,48300000,Karampura
2,2,Semi-Furnished,1755,2,35000000,Karampura
2,2,Unfurnished,600,1,5400000,Karampura
3,2,Unfurnished,1000,1,8000000,Karampura
3,3,Furnished,1135,2,25000000,Karol Bagh
3,3,Furnished,1135,2,25000000,Karol Bagh
3,3,Semi-Furnished,1775,1,25500000,Karol Bagh
3,3,Furnished,1135,2,25000000,Karol Bagh
2,2,Semi-Furnished,1252,1,18500000,Karol Bagh
4,4,Semi-Furnished,2000,1,39700000,Karol Bagh
4,1,Semi-Furnished,530,1,6800000,Karol Bagh
3,2,Semi-Furnished,1332,1,6540000,Karol Bagh
3,3,Semi-Furnished,1017,1,22000000,Karol Bagh
3,3,Semi-Furnished,1775,1,25500000,Karol Bagh
2,2,Semi-Furnished,987,1,17000000,Karol Bagh
3,3,Semi-Furnished,1912,1,27500000,Karol Bagh
5,4,Unfurnished,5236,3,73700000,Karol Bagh
4,4,Unfurnished,2805,2,52300000,Karol Bagh
3,3,Unfurnished,1500,2,16000000,Karol Bagh
3,3,Furnished,1280,2,15000000,Karol Bagh
3,3,Semi-Furnished,1775,1,25500000,Karol Bagh
2,2,Semi-Furnished,675,1,10000000,Karol Bagh
2,2,Unfurnished,576,1,5000000,Karol Bagh
3,3,Semi-Furnished,1206,1,20000000,Karol Bagh
2,2,Unfurnished,1143,1,16000000,Karol Bagh
1,1,Semi-Furnished,500,1,5500000,Karol Bagh
2,1,Semi-Furnished,720,1,7000000,Karol Bagh
2,2,Unfurnished,500,1,4100000,Karol Bagh
3,3,Semi-Furnished,1600,1,24000000,Karol Bagh
2,2,Furnished,950,1,12500000,Karol Bagh
2,1,Furnished,535,1,3900000,Karol Bagh
3,2,Semi-Furnished,1200,1,14500000,Karol Bagh
3,2,Semi-Furnished,1501,1,20000000,Karol Bagh
3,3,Furnished,1135,2,24500000,Karol Bagh
3,2,Semi-Furnished,1200,1,20900000,Karol Bagh
3,3,Semi-Furnished,2200,1,43100000,Karol Bagh
3,2,Semi-Furnished,892,1,29000000,Karol Bagh
5,1,Semi-Furnished,550,1,5700000,Karol Bagh
2,2,Unfurnished,900,1,22000000,Karol Bagh
4,4,Semi-Furnished,1650,1,16500000,Karol Bagh
3,3,Unfurnished,1080,1,10000000,Karol Bagh
3,3,Unfurnished,1170,1,11500000,Karol Bagh
3,3,Furnished,1450,1,17000000,Karol Bagh
3,3,Unfurnished,1240,1,18000000,Kirti Nagar
4,4,Semi-Furnished,3002,2,50000000,Kirti Nagar
3,2,Unfurnished,1350,1,18500000,Kirti Nagar
4,4,Semi-Furnished,2300,3,46500000,Kirti Nagar
3,3,Unfurnished,1429,2,17500000,Kirti Nagar
4,4,Semi-Furnished,2430,2,42500000,Kirti Nagar
3,3,Semi-Furnished,1450,2,15500000,Kirti Nagar
2,2,Furnished,1250,2,15000000,Kirti Nagar
4,4,Unfurnished,2800,2,40000000,Kirti Nagar
3,3,Unfurnished,1646,1,20000000,Kirti Nagar
2,2,Semi-Furnished,900,1,6700000,Kirti Nagar
3,2,Semi-Furnished,1250,1,16000000,Kirti Nagar
3,2,Unfurnished,900,1,8000000,Kirti Nagar
3,2,Unfurnished,1590,2,25000000,Kirti Nagar
3,2,Unfurnished,990,2,25000000,Kirti Nagar
4,4,Unfurnished,2282,2,37500000,Kirti Nagar
3,3,Semi-Furnished,1260,1,25000000,Kirti Nagar
3,3,Unfurnished,1457,1,23000000,Kirti Nagar
3,2,Semi-Furnished,1400,2,17500000,Kirti Nagar
4,4,Unfurnished,2175,1,44000000,Kirti Nagar
3,3,Semi-Furnished,1450,2,15000000,Kirti Nagar
4,4,Semi-Furnished,2800,2,42500000,Kirti Nagar
2,2,Furnished,861,2,5000000,Kirti Nagar
4,4,Unfurnished,2282,2,38000000,Kirti Nagar
3,3,Unfurnished,1753,1,19000000,Kirti Nagar
4,4,Unfurnished,2659,3,43500000,Kirti Nagar
3,2,Unfurnished,1550,3,19500000,Kirti Nagar
3,2,Semi-Furnished,1470,2,14200000,Kirti Nagar
3,2,Semi-Furnished,702,2,14200000,Kirti Nagar
2,2,Semi-Furnished,1138,2,13500000,Kirti Nagar
2,2,Semi-Furnished,850,1,12500000,Lajpat Nagar
2,2,Unfurnished,900,1,15000000,Lajpat Nagar
3,3,Semi-Furnished,1400,1,50000000,Lajpat Nagar
3,3,Semi-Furnished,1800,1,29000000,Lajpat Nagar
3,3,Semi-Furnished,500,1,27500000,Lajpat Nagar
2,2,Semi-Furnished,900,1,12000000,Lajpat Nagar
2,2,Semi-Furnished,700,2,16000000,Lajpat Nagar
3,3,Semi-Furnished,1700,1,38000000,Lajpat Nagar
5,2,Unfurnished,900,1,13500000,Lajpat Nagar
2,2,Unfurnished,500,1,8400000,Lajpat Nagar
2,2,Semi-Furnished,1100,1,13000000,Lajpat Nagar
2,2,Unfurnished,900,1,8500000,Lajpat Nagar
2,2,Semi-Furnished,1000,1,9600000,Lajpat Nagar
2,2,Semi-Furnished,1000,1,10000000,Lajpat Nagar
2,2,Semi-Furnished,1000,1,9000000,Lajpat Nagar
2,2,Furnished,1250,2,12000000,Lajpat Nagar
2,2,Semi-Furnished,850,1,12500000,Lajpat Nagar
2,2,Semi-Furnished,900,1,12500000,Lajpat Nagar
3,3,Unfurnished,1650,1,27500000,Lajpat Nagar
2,2,Semi-Furnished,900,1,6800000,Lajpat Nagar
3,3,Unfurnished,1800,1,25000000,Lajpat Nagar
3,3,Unfurnished,1800,1,29500000,Lajpat Nagar
1,1,Unfurnished,1500,1,13500000,Lajpat Nagar
2,2,Unfurnished,800,1,15000000,Lajpat Nagar
2,2,Unfurnished,900,1,10500000,Lajpat Nagar
3,2,Semi-Furnished,1080,1,22500000,Lajpat Nagar
2,2,Unfurnished,750,1,13600000,Lajpat Nagar
3,3,Semi-Furnished,1450,2,30000000,Lajpat Nagar
2,2,Semi-Furnished,900,1,13500000,Lajpat Nagar
2,2,Semi-Furnished,810,1,8910000,Lajpat Nagar
3,4,Unfurnished,1350,1,25000000,Lajpat Nagar
3,3,Semi-Furnished,1710,3,26000000,Lajpat Nagar
3,3,Semi-Furnished,1650,1,30000000,Lajpat Nagar
2,2,Furnished,1280,1,12500000,Lajpat Nagar
3,3,Semi-Furnished,1260,1,21000000,Lajpat Nagar
2,2,Unfurnished,1130,1,7800000,Lajpat Nagar
2,2,Semi-Furnished,600,1,11500000,Lajpat Nagar
2,2,Semi-Furnished,850,1,11500000,Lajpat Nagar
3,3,Semi-Furnished,1500,2,26000000,Lajpat Nagar
2,2,Semi-Furnished,900,2,13000000,Lajpat Nagar
3,3,Semi-Furnished,1000,1,22000000,Lajpat Nagar
2,2,Semi-Furnished,900,1,15800000,Lajpat Nagar
4,4,Unfurnished,2925,2,57500000,Lajpat Nagar
2,2,Unfurnished,900,2,10000000,Lajpat Nagar
3,3,Unfurnished,1600,2,30000000,Lajpat Nagar
3,3,Unfurnished,1143,2,22000000,Lajpat Nagar
3,3,Semi-Furnished,1150,2,24000000,Lajpat Nagar
3,3,Semi-Furnished,1500,1,31500000,Lajpat Nagar
2,2,Semi-Furnished,850,1,14600000,Lajpat Nagar
4,4,Semi-Furnished,8000,1,240000000,Lajpat Nagar
2,2,Semi-Furnished,890,1,8300000,Lajpat Nagar
3,3,Unfurnished,1100,1,22500000,Lajpat Nagar
1,1,Semi-Furnished,900,1,8900000,Lajpat Nagar
3,3,Semi-Furnished,1450,2,37500000,Lajpat Nagar
3,3,Semi-Furnished,1450,2,30000000,Lajpat Nagar
3,3,Semi-Furnished,1260,2,21000000,Lajpat Nagar
4,4,Unfurnished,2925,2,57500000,Lajpat Nagar
3,3,Semi-Furnished,1710,1,30000000,Lajpat Nagar
3,3,Unfurnished,1600,1,30000000,Lajpat Nagar
3,3,Semi-Furnished,1500,1,31500000,Lajpat Nagar
3,3,Unfurnished,2200,1,30000000,Lajpat Nagar
3,3,Unfurnished,1350,1,41500000,Lajpat Nagar
3,3,Semi-Furnished,1710,1,24800000,Lajpat Nagar
3,3,Semi-Furnished,1350,2,35000000,Lajpat Nagar
3,3,Semi-Furnished,1500,1,40000000,Lajpat Nagar
4,4,Unfurnished,2880,1,46000000,Lajpat Nagar
4,4,Semi-Furnished,2700,2,55000000,Lajpat Nagar
3,3,Unfurnished,1400,1,24500000,Lajpat Nagar
3,3,Unfurnished,1800,1,24500000,Lajpat Nagar
3,3,Semi-Furnished,1400,1,32500000,Lajpat Nagar
2,2,Furnished,1000,1,20000000,Lajpat Nagar
4,4,Semi-Furnished,8000,1,240000000,Lajpat Nagar
2,2,Furnished,1000,1,20000000,Lajpat Nagar
3,3,Furnished,1700,2,19000000,Lajpat Nagar
3,3,Unfurnished,1600,2,26000000,Lajpat Nagar
3,3,Unfurnished,1350,1,21000000,Lajpat Nagar
3,3,Semi-Furnished,1700,1,27500000,Lajpat Nagar
3,3,Semi-Furnished,1400,2,32500000,Lajpat Nagar
3,3,Semi-Furnished,1450,1,45000000,Lajpat Nagar
3,3,Semi-Furnished,1350,1,21000000,Lajpat Nagar
3,3,Unfurnished,1700,1,28000000,Lajpat Nagar
3,3,Unfurnished,1600,2,29500000,Lajpat Nagar
1,1,Unfurnished,1500,1,13500000,Lajpat Nagar
2,2,Unfurnished,800,1,14000000,Lajpat Nagar
3,3,Semi-Furnished,1710,3,26000000,Lajpat Nagar
2,2,Furnished,1350,3,12500000,Lajpat Nagar
3,3,Semi-Furnished,1500,2,26000000,Lajpat Nagar
2,2,Semi-Furnished,750,2,11500000,Lajpat Nagar
2,2,Semi-Furnished,850,2,14600000,Lajpat Nagar
3,3,Semi-Furnished,1575,1,25500000,Lajpat Nagar
3,3,Semi-Furnished,1675,2,31000000,Lajpat Nagar
3,3,Semi-Furnished,1350,2,22000000,Lajpat Nagar
2,2,Semi-Furnished,900,2,13400000,Lajpat Nagar
3,3,Semi-Furnished,1800,2,35000000,Lajpat Nagar
2,2,Furnished,900,2,11000000,Lajpat Nagar
3,2,Semi-Furnished,801,1,6000000,Laxmi Nagar
1,2,Unfurnished,500,1,2700000,Laxmi Nagar
3,2,Unfurnished,1000,1,6500000,Laxmi Nagar
3,2,Unfurnished,990,1,4000000,Laxmi Nagar
2,1,Semi-Furnished,500,1,2600000,Laxmi Nagar
2,1,Semi-Furnished,500,1,3500000,Laxmi Nagar
2,2,Unfurnished,1000,1,7500000,Laxmi Nagar
3,2,Semi-Furnished,900,1,7000000,Laxmi Nagar
3,2,Semi-Furnished,800,1,4500000,Laxmi Nagar
3,3,Semi-Furnished,720,2,5500000,Laxmi Nagar
2,1,Semi-Furnished,500,2,2700000,Laxmi Nagar
2,2,Furnished,675,2,2400000,Laxmi Nagar
4,3,Unfurnished,1700,2,11500000,Laxmi Nagar
2,2,Unfurnished,550,2,3600000,Laxmi Nagar
1,2,Unfurnished,500,2,1700000,Laxmi Nagar
2,1,Unfurnished,500,2,2500000,Laxmi Nagar
4,2,Furnished,900,1,6600000,Laxmi Nagar
2,1,Semi-Furnished,500,1,3700000,Laxmi Nagar
2,1,Unfurnished,500,1,3500000,Laxmi Nagar
3,2,Semi-Furnished,800,1,5400000,Laxmi Nagar
2,2,Semi-Furnished,500,1,2550000,Laxmi Nagar
3,3,Furnished,1000,1,12500000,Laxmi Nagar
2,2,Unfurnished,715,1,5600000,Laxmi Nagar
2,2,Unfurnished,600,1,7000000,Laxmi Nagar
2,1,Unfurnished,540,1,3500000,Laxmi Nagar
4,4,Furnished,500,1,35000000,Laxmi Nagar
3,2,Semi-Furnished,810,1,9000000,Laxmi Nagar
1,1,Semi-Furnished,500,1,2300000,Laxmi Nagar
3,2,Semi-Furnished,900,1,6000000,Laxmi Nagar
3,2,Unfurnished,1000,1,6000000,Laxmi Nagar
2,2,Unfurnished,1000,1,7500000,Laxmi Nagar
2,2,Unfurnished,852,1,2670000,Laxmi Nagar
3,2,Unfurnished,990,1,4000000,Laxmi Nagar
2,1,Semi-Furnished,500,1,3500000,Laxmi Nagar
2,2,Unfurnished,1000,1,5000000,Laxmi Nagar
2,2,Unfurnished,800,1,5000000,Laxmi Nagar
2,2,Semi-Furnished,630,1,3000000,Laxmi Nagar
6,4,Unfurnished,507,1,22500000,Laxmi Nagar
2,2,Furnished,950,1,6000000,Laxmi Nagar
2,2,Unfurnished,600,1,2700000,Laxmi Nagar
3,2,Furnished,1350,1,14000000,Laxmi Nagar
2,2,Unfurnished,750,1,13000000,Malviya Nagar
3,3,Semi-Furnished,1400,2,34000000,Malviya Nagar
4,4,Semi-Furnished,3600,3,60000000,Malviya Nagar
4,4,Semi-Furnished,3000,3,74500000,Malviya Nagar
4,4,Unfurnished,2750,2,75000000,Malviya Nagar
4,4,Semi-Furnished,2050,2,62500000,Malviya Nagar
4,4,Unfurnished,3000,2,67000000,Malviya Nagar
2,2,Unfurnished,850,2,8500000,Malviya Nagar
2,2,Unfurnished,750,2,11500000,Malviya Nagar
4,4,Semi-Furnished,2600,3,52500000,Malviya Nagar
2,2,Semi-Furnished,800,1,12000000,Malviya Nagar
2,2,Semi-Furnished,550,2,10700000,Malviya Nagar
2,2,Semi-Furnished,700,1,9000000,Malviya Nagar
3,4,Furnished,2316,1,100000000,Malviya Nagar
3,2,Semi-Furnished,900,1,6200000,Malviya Nagar
3,2,Semi-Furnished,500,1,17000000,Malviya Nagar
2,3,Semi-Furnished,900,2,12500000,Malviya Nagar
2,2,Semi-Furnished,1500,3,13000000,Malviya Nagar
3,2,Unfurnished,650,3,4200000,Malviya Nagar
4,4,Semi-Furnished,2000,2,36000000,Malviya Nagar
1,1,Unfurnished,500,2,2300000,Malviya Nagar
2,2,Unfurnished,1125,2,8100000,Malviya Nagar
3,3,Semi-Furnished,1300,1,10000000,Malviya Nagar
4,4,Unfurnished,2500,1,62500000,Malviya Nagar
4,4,Semi-Furnished,2200,2,65000000,Malviya Nagar
3,2,Semi-Furnished,1290,2,20000000,Malviya Nagar
4,4,Semi-Furnished,2250,2,57500000,Malviya Nagar
3,3,Semi-Furnished,1350,2,30000000,Malviya Nagar
3,3,Semi-Furnished,1400,1,30000000,Malviya Nagar
3,3,Unfurnished,1700,2,30000000,Malviya Nagar
3,3,Semi-Furnished,1600,2,21000000,Malviya Nagar
3,3,Semi-Furnished,1600,1,22500000,Malviya Nagar
2,4,Semi-Furnished,1250,1,19000000,Malviya Nagar
3,2,Semi-Furnished,810,1,7500000,Malviya Nagar
2,2,Semi-Furnished,585,1,4000000,Malviya Nagar
3,3,Unfurnished,1700,2,8000000,Malviya Nagar
3,4,Semi-Furnished,1800,2,19000000,Malviya Nagar
1,1,Unfurnished,600,2,7000000,Malviya Nagar
3,3,Unfurnished,1250,1,5800000,Malviya Nagar
3,2,Semi-Furnished,600,1,8000000,Malviya Nagar
3,4,Unfurnished,1600,1,18800000,Malviya Nagar
3,2,Semi-Furnished,1100,1,6000000,Malviya Nagar
1,1,Unfurnished,500,1,2200000,Malviya Nagar
3,2,Semi-Furnished,855,1,6500000,Malviya Nagar
3,2,Unfurnished,1291,1,23500000,Malviya Nagar
2,2,Semi-Furnished,1300,2,16000000,Malviya Nagar
3,3,Unfurnished,1350,2,20000000,Malviya Nagar
2,2,Unfurnished,900,2,5500000,Malviya Nagar
2,2,Semi-Furnished,850,1,13500000,Malviya Nagar
3,3,Semi-Furnished,1650,1,22500000,Malviya Nagar
2,2,Unfurnished,650,1,3800000,Malviya Nagar
2,2,Semi-Furnished,630,1,4600000,Malviya Nagar
2,1,Semi-Furnished,1250,2,17500000,Malviya Nagar
4,3,Furnished,1800,2,5500000,Malviya Nagar
3,3,Semi-Furnished,1500,2,22500000,Malviya Nagar
2,2,Semi-Furnished,1100,1,12500000,Malviya Nagar
3,2,Semi-Furnished,1400,2,19000000,Malviya Nagar
2,2,Semi-Furnished,1300,2,15500000,Malviya Nagar
2,2,Semi-Furnished,1100,2,13500000,Malviya Nagar
3,3,Semi-Furnished,1600,2,21000000,Malviya Nagar
3,3,Semi-Furnished,1450,1,21500000,Mayur Vihar
3,2,Unfurnished,775,1,10000000,Mayur Vihar
1,1,Semi-Furnished,500,1,2700000,Mayur Vihar
2,2,Unfurnished,1000,1,14500000,Mayur Vihar
1,1,Semi-Furnished,720,1,2700000,Mayur Vihar
3,2,Semi-Furnished,1399,1,9000000,Mayur Vihar
3,2,Semi-Furnished,500,1,18500000,Mayur Vihar
3,3,Semi-Furnished,1330,1,25000000,Mayur Vihar
2,1,Semi-Furnished,850,1,6100000,Mayur Vihar
2,1,Semi-Furnished,1000,1,10500000,Mayur Vihar
4,4,Semi-Furnished,1600,1,12000000,Mayur Vihar
3,3,Furnished,1350,1,15000000,Mayur Vihar
3,3,Semi-Furnished,1400,1,14000000,Mayur Vihar
3,2,Unfurnished,1300,1,12800000,Mayur Vihar
3,2,Semi-Furnished,1100,1,12000000,Mayur Vihar
3,2,Semi-Furnished,1300,1,12500000,Mayur Vihar
2,2,Semi-Furnished,1000,1,10000000,Mayur Vihar
3,2,Furnished,1300,1,16500000,Mayur Vihar
3,2,Furnished,1100,1,13500000,Mayur Vihar
4,3,Furnished,1600,1,18000000,Mayur Vihar
2,2,Furnished,1700,3,12500000,Mayur Vihar
2,2,Furnished,800,1,2500000,Mayur Vihar
3,3,Furnished,950,1,6200000,Mayur Vihar
2,2,Semi-Furnished,990,1,3000000,Mayur Vihar
3,2,Furnished,1350,1,15000000,Mayur Vihar
1,1,Unfurnished,500,1,1500000,Mehrauli
2,2,Semi-Furnished,800,1,10000000,Mehrauli
3,1,Semi-Furnished,1045,1,8500000,Mehrauli
3,2,Semi-Furnished,663,2,3500000,Mehrauli
1,2,Semi-Furnished,558,1,2100000,Mehrauli
2,2,Semi-Furnished,650,1,2750000,Mehrauli
1,1,Semi-Furnished,500,1,1500000,Mehrauli
2,1,Unfurnished,675,1,2200000,Mehrauli
2,2,Semi-Furnished,850,1,2800000,Mehrauli
3,3,Semi-Furnished,800,1,4500000,Mehrauli
1,1,Furnished,500,1,1800000,Mehrauli
3,3,Unfurnished,1350,1,8500000,Mehrauli
3,3,Unfurnished,1350,1,8500000,Mehrauli
1,1,Unfurnished,500,1,1700000,Mehrauli
3,2,Unfurnished,1050,2,5600000,Mehrauli
4,3,Furnished,1675,2,13500000,Mehrauli
3,3,Unfurnished,1250,2,8500000,Mehrauli
3,3,Unfurnished,1080,3,6000000,Mehrauli
3,3,Unfurnished,1170,3,7200000,Mehrauli
3,2,Semi-Furnished,1250,1,6500000,Mehrauli
3,3,Semi-Furnished,1500,1,8400000,Mehrauli
3,3,Unfurnished,1350,1,8500000,Mehrauli
2,2,Semi-Furnished,855,1,4000000,Mehrauli
1,1,Unfurnished,540,1,1700000,Mehrauli
3,2,Unfurnished,1044,1,6000000,Mehrauli
1,1,Semi-Furnished,500,1,1600000,Mehrauli
1,2,Semi-Furnished,500,1,2100000,Mehrauli
1,1,Furnished,500,1,1700000,Mehrauli
1,1,Unfurnished,500,1,1500000,Mehrauli
1,1,Unfurnished,500,1,1200000,Mehrauli
1,1,Unfurnished,500,1,1650000,Mehrauli
2,2,Unfurnished,500,1,3500000,Mehrauli
3,2,Unfurnished,1100,1,8500000,Mehrauli
2,2,Unfurnished,600,1,3200000,Mehrauli
3,2,Unfurnished,1100,1,3500000,Mehrauli
2,2,Unfurnished,1080,1,4000000,Mehrauli
2,2,Semi-Furnished,900,1,2800000,Mehrauli
2,2,Semi-Furnished,750,1,3300000,Mehrauli
2,2,Unfurnished,800,1,3750000,Mehrauli
2,2,Semi-Furnished,800,1,3000000,Mehrauli
3,2,Semi-Furnished,1100,1,6000000,Mehrauli
3,2,Unfurnished,900,1,4000000,Mehrauli
4,3,Semi-Furnished,1500,1,8000000,Mehrauli
3,3,Semi-Furnished,1500,2,7100000,Mehrauli
2,2,Semi-Furnished,700,1,2800000,Mehrauli
3,2,Furnished,900,1,5800000,Mehrauli
3,3,Semi-Furnished,1300,2,7000000,Mehrauli
3,2,Furnished,1550,1,32000000,Moti Nagar
3,3,Semi-Furnished,2300,1,60000000,Moti Nagar
2,2,Furnished,1180,1,32000000,Moti Nagar
2,1,Unfurnished,500,1,7900000,Moti Nagar
3,3,Semi-Furnished,1200,1,24000000,Moti Nagar
2,2,Furnished,1700,1,35000000,Moti Nagar
3,2,Semi-Furnished,1605,1,25500000,Moti Nagar
3,3,Furnished,1300,2,27000000,Moti Nagar
3,3,Semi-Furnished,2300,2,64400000,Moti Nagar
2,2,Semi-Furnished,1732,1,38100000,Moti Nagar
2,2,Semi-Furnished,1750,1,30000000,Moti Nagar
3,3,Semi-Furnished,1637,1,27500000,Moti Nagar
3,2,Furnished,1300,1,28000000,Moti Nagar
3,3,Furnished,1800,2,50000000,Moti Nagar
3,3,Semi-Furnished,1800,2,55600000,Moti Nagar
3,3,Semi-Furnished,1480,1,28500000,Moti Nagar
3,2,Semi-Furnished,1600,2,17000000,Moti Nagar
2,2,Unfurnished,700,1,4500000,Moti Nagar
3,2,Unfurnished,1600,1,17500000,Moti Nagar
3,2,Semi-Furnished,1625,3,17500000,Moti Nagar
3,3,Unfurnished,1700,1,26000000,Moti Nagar
2,2,Furnished,885,1,2600000,Moti Nagar
1,2,Unfurnished,500,2,1500000,Narela
1,1,Furnished,500,2,2200000,Narela
2,2,Semi-Furnished,900,2,3800000,Narela
1,1,Unfurnished,500,1,1800000,Narela
2,2,Furnished,559,3,2850000,Narela
1,1,Unfurnished,500,3,2500000,Narela
1,1,Unfurnished,500,1,3500000,Narela
1,1,Unfurnished,500,1,2000000,Narela
1,1,Unfurnished,500,1,3000000,Narela
1,1,Semi-Furnished,500,1,2000000,Narela
1,1,Unfurnished,500,1,3500000,Narela
1,1,Unfurnished,500,1,1800000,Narela
1,1,Unfurnished,500,1,1600000,Narela
1,1,Unfurnished,500,1,1600000,Narela
1,1,Unfurnished,500,1,2000000,Narela
1,1,Unfurnished,500,1,1500000,Narela
2,1,Furnished,500,1,3000000,Narela
1,1,Unfurnished,500,1,1490000,Narela
1,1,Furnished,500,1,3500000,Narela
3,3,Unfurnished,500,1,4000000,Narela
2,2,Unfurnished,500,1,1750000,Narela
2,2,Unfurnished,900,1,4600000,Narela
1,1,Semi-Furnished,500,1,1800000,Narela
2,2,Unfurnished,585,1,1900000,Narela
1,1,Furnished,500,1,1000000,Narela
1,1,Unfurnished,4900,1,1000000,Narela
1,1,Unfurnished,2077,1,1000000,Narela
1,1,Semi-Furnished,500,1,3500000,Narela
3,2,Furnished,990,1,5000000,Narela
1,1,Unfurnished,500,1,2200000,Narela
3,3,Furnished,1624,3,30000000,New Friends Colony
4,4,Unfurnished,4499,1,75000000,New Friends Colony
5,5,Semi-Furnished,24298,1,200000000,New Friends Colony
5,1,Semi-Furnished,30000,1,240000000,New Friends Colony
5,1,Semi-Furnished,29761,1,250000000,New Friends Colony
2,1,Unfurnished,540,2,1500000,New Friends Colony
3,4,Semi-Furnished,2150,1,42500000,New Friends Colony
3,4,Semi-Furnished,500,1,47500000,New Friends Colony
3,3,Semi-Furnished,2100,2,52500000,New Friends Colony
3,3,Semi-Furnished,500,2,48500000,New Friends Colony
4,4,Semi-Furnished,3510,2,45000000,New Friends Colony
4,4,Semi-Furnished,4500,2,60000000,New Friends Colony
4,4,Semi-Furnished,1800,2,65000000,New Friends Colony
5,4,Semi-Furnished,6000,3,220000000,New Friends Colony
4,4,Unfurnished,4300,2,60000000,New Friends Colony
3,3,Semi-Furnished,1700,2,38500000,New Friends Colony
3,3,Semi-Furnished,2500,2,50000000,New Friends Colony
4,4,Semi-Furnished,4500,2,75000000,New Friends Colony
4,4,Furnished,2450,2,70000000,New Friends Colony
4,4,Semi-Furnished,10350,3,160000000,New Friends Colony
3,4,Semi-Furnished,4800,1,85000000,New Friends Colony
3,3,Semi-Furnished,1600,2,40000000,New Friends Colony
4,4,Unfurnished,3500,2,90000000,New Friends Colony
4,4,Semi-Furnished,2100,2,56000000,New Friends Colony
5,4,Semi-Furnished,4200,2,135500000,New Friends Colony
3,3,Semi-Furnished,1500,2,60000000,New Friends Colony
4,4,Unfurnished,8150,3,170000000,New Friends Colony
4,4,Semi-Furnished,2200,2,50000000,New Friends Colony
4,4,Semi-Furnished,3500,2,58000000,New Friends Colony
3,3,Semi-Furnished,2070,2,37500000,New Friends Colony
3,3,Unfurnished,3500,1,45000000,New Friends Colony
4,4,Semi-Furnished,2000,3,70000000,New Friends Colony
5,4,Semi-Furnished,2800,2,29500000,New Friends Colony
4,4,Unfurnished,2550,1,60000000,New Friends Colony
4,4,Semi-Furnished,4500,2,70000000,New Friends Colony
3,3,Semi-Furnished,1400,2,50000000,New Friends Colony
4,4,Semi-Furnished,2800,2,75000000,New Friends Colony
4,4,Semi-Furnished,2700,2,52500000,New Friends Colony
4,4,Semi-Furnished,4500,2,55000000,New Friends Colony
4,4,Semi-Furnished,7200,2,120000000,New Friends Colony
2,3,Furnished,500,1,4800000,Noida
4,2,Semi-Furnished,1749,1,9500000,Noida
1,1,Unfurnished,500,1,1600000,Noida
3,2,Semi-Furnished,1313,1,5000000,Noida
2,2,Furnished,1199,1,5000000,Noida
3,3,Furnished,500,1,4590000,Noida
3,3,Furnished,1200,1,5500000,Noida
2,2,Semi-Furnished,884,1,3000000,Noida
4,3,Furnished,2099,1,7320000,Noida
3,2,Semi-Furnished,1200,1,13000000,Noida
1,1,Furnished,500,1,1900000,Noida
3,2,Semi-Furnished,1404,1,6800000,Noida
2,2,Semi-Furnished,1020,2,3600000,Noida
4,4,Semi-Furnished,3200,1,32500000,Noida
2,2,Unfurnished,1007,1,4200000,Noida
4,3,Unfurnished,2708,1,7350000,Noida
3,3,Unfurnished,1232,1,9880000,Noida
4,3,Semi-Furnished,1339,2,12300000,Noida
5,5,Semi-Furnished,757,1,30000000,Noida
5,5,Semi-Furnished,3716,1,24000000,Noida
4,4,Semi-Furnished,3400,2,46000000,Noida
3,2,Unfurnished,1300,1,6300000,Noida
5,3,Semi-Furnished,5727,1,42000000,Noida
3,3,Semi-Furnished,2100,1,17000000,Noida
5,5,Semi-Furnished,8000,1,92500000,Noida
5,5,Semi-Furnished,12022,1,137400000,Noida
5,5,Semi-Furnished,1937,2,45000000,Noida
5,3,Semi-Furnished,1205,1,28000000,Noida
5,1,Semi-Furnished,4837,2,79900000,Noida
5,5,Unfurnished,7745,1,35000000,Noida
4,3,Semi-Furnished,1581,1,15000000,Noida
3,3,Unfurnished,2807,1,12000000,Noida
2,2,Unfurnished,500,1,5200000,Noida
3,2,Semi-Furnished,653,1,2800000,Noida
5,5,Semi-Furnished,2500,1,36000000,Noida
5,3,Semi-Furnished,4672,1,45000000,Noida
5,5,Unfurnished,4000,2,50000000,Noida
3,4,Furnished,5156,1,37500000,Noida
5,5,Unfurnished,6810,1,50000000,Noida
5,5,Unfurnished,11525,1,30000000,Noida
1,1,Unfurnished,600,1,5000000,Noida
3,2,Semi-Furnished,500,1,1640000,Noida
1,1,Semi-Furnished,500,1,4000000,Noida
5,5,Semi-Furnished,3600,3,40000000,Noida
3,2,Semi-Furnished,1743,1,20000000,Noida
5,5,Semi-Furnished,4000,1,60000000,Noida
3,3,Furnished,1600,1,16900000,Noida
4,5,Semi-Furnished,2999,1,24800000,Noida
4,4,Unfurnished,2199,1,23500000,Noida
2,1,Semi-Furnished,2200,2,5720000,Noida
3,3,Unfurnished,1000,1,5000000,Noida
5,4,Unfurnished,4850,1,19000000,Noida
3,3,Semi-Furnished,1319,1,12500000,Noida
5,5,Unfurnished,3498,1,65000000,Noida
1,1,Semi-Furnished,599,2,4000000,Noida
2,2,Semi-Furnished,500,1,3000000,Noida
1,1,Semi-Furnished,614,1,3300000,Noida
3,2,Semi-Furnished,1324,1,7200000,Noida
5,1,Semi-Furnished,19138,1,80000000,Noida
1,1,Unfurnished,2355,1,7500000,Noida
3,2,Semi-Furnished,613,1,11500000,Noida
2,2,Furnished,1000,1,3500000,Noida
4,3,Unfurnished,500,1,5500000,Okhla
2,2,Furnished,976,1,24900000,Okhla
4,3,Unfurnished,500,1,5500000,Okhla
4,3,Semi-Furnished,2210,1,41000000,Okhla
4,4,Furnished,1800,2,12000000,Okhla
3,3,Furnished,1300,1,20000000,Okhla
2,2,Furnished,1500,2,24700000,Okhla
2,2,Furnished,976,2,24900000,Okhla
2,1,Semi-Furnished,540,1,3600000,Okhla
1,1,Semi-Furnished,500,1,1700000,Okhla
2,2,Unfurnished,900,1,11000000,Okhla
4,4,Semi-Furnished,2500,2,75000000,Okhla
2,2,Unfurnished,979,1,24800000,Okhla
2,2,Semi-Furnished,945,1,24900000,Okhla
2,2,Unfurnished,976,2,24900000,Okhla
2,2,Unfurnished,1531,2,25900000,Okhla
2,2,Unfurnished,1000,2,11700000,Okhla
3,2,Furnished,750,2,13500000,Okhla
3,2,Furnished,900,1,5500000,Okhla
2,2,Unfurnished,1512,1,30000000,Okhla
3,2,Semi-Furnished,500,2,4950000,Okhla
3,2,Semi-Furnished,1500,1,16000000,Okhla
4,4,Semi-Furnished,2907,1,30000000,Okhla
4,3,Semi-Furnished,2210,1,41000000,Okhla
2,2,Semi-Furnished,750,1,3800000,Okhla
4,4,Unfurnished,2518,2,68900000,Okhla
2,2,Unfurnished,588,2,1800000,Okhla
3,3,Semi-Furnished,1100,2,12500000,Okhla
2,1,Semi-Furnished,550,2,1600000,Okhla
3,2,Semi-Furnished,750,1,2400000,Okhla
3,2,Semi-Furnished,1260,1,7000000,Okhla
2,2,Unfurnished,675,1,3100000,Okhla
2,2,Semi-Furnished,810,1,14500000,Okhla
4,4,Semi-Furnished,3150,3,61500000,Okhla
4,4,Semi-Furnished,2000,1,27500000,Okhla
2,2,Unfurnished,1512,1,30000000,Okhla
2,2,Unfurnished,500,1,45000000,Okhla
3,3,Unfurnished,1600,2,53000000,Okhla
2,2,Unfurnished,1100,1,34600000,Okhla
2,2,Semi-Furnished,1600,1,35000000,Okhla
2,2,Furnished,976,1,24900000,Okhla
2,4,Unfurnished,900,1,7000000,Palam Vihar
3,3,Semi-Furnished,1210,1,5000000,Palam Vihar
4,4,Furnished,2200,2,17500000,Palam Vihar
3,3,Semi-Furnished,1800,2,12000000,Palam Vihar
2,3,Furnished,590,3,6200000,Palam Vihar
5,4,Semi-Furnished,5199,2,35000000,Palam Vihar
2,2,Furnished,1400,1,9500000,Palam Vihar
4,2,Semi-Furnished,1100,1,5500000,Palam Vihar
2,2,Furnished,1200,1,8550000,Palam Vihar
4,4,Semi-Furnished,1950,1,16000000,Palam Vihar
2,2,Furnished,1145,1,7750000,Palam Vihar
4,4,Semi-Furnished,3700,1,24000000,Palam Vihar
4,4,Unfurnished,3500,1,31000000,Palam Vihar
6,4,Semi-Furnished,5000,1,50000000,Palam Vihar
4,4,Unfurnished,3000,1,26000000,Palam Vihar
2,2,Semi-Furnished,1415,1,9800000,Palam Vihar
2,2,Unfurnished,1250,1,5500000,Palam Vihar
4,3,Furnished,1310,1,9000000,Palam Vihar
2,2,Furnished,1100,1,8700000,Palam Vihar
3,2,Semi-Furnished,1500,1,9000000,Palam Vihar
4,4,Furnished,3000,1,24000000,Palam Vihar
3,3,Semi-Furnished,2000,1,14000000,Palam Vihar
3,2,Semi-Furnished,1400,1,7500000,Palam Vihar
3,3,Semi-Furnished,1750,1,11000000,Palam Vihar
3,3,Semi-Furnished,1980,3,14000000,Palam Vihar
4,4,Semi-Furnished,4500,1,48000000,Palam Vihar
3,3,Furnished,1830,1,9500000,Palam Vihar
4,4,Unfurnished,2140,1,16000000,Palam Vihar
3,3,Furnished,1200,2,8500000,Palam Vihar
4,4,Furnished,3500,1,23000000,Palam Vihar
3,3,Furnished,1920,2,11000000,Palam Vihar
2,2,Unfurnished,1070,1,5000000,Palam Vihar
3,3,Semi-Furnished,1620,1,26000000,Paschim Vihar
3,2,Unfurnished,1078,1,15500000,Paschim Vihar
3,3,Unfurnished,1710,1,22000000,Paschim Vihar
3,3,Semi-Furnished,1150,1,21000000,Paschim Vihar
2,2,Semi-Furnished,500,1,5000000,Paschim Vihar
3,3,Unfurnished,1818,1,22000000,Paschim Vihar
3,2,Unfurnished,1800,1,26500000,Paschim Vihar
2,2,Unfurnished,780,1,8770000,Paschim Vihar
1,1,Semi-Furnished,500,1,4500000,Paschim Vihar
2,3,Semi-Furnished,900,1,8500000,Paschim Vihar
2,2,Unfurnished,807,1,8600000,Paschim Vihar
4,3,Semi-Furnished,2700,1,42500000,Paschim Vihar
3,2,Semi-Furnished,1100,2,13100000,Paschim Vihar
2,2,Unfurnished,585,2,7000000,Paschim Vihar
3,3,Furnished,2152,2,30000000,Paschim Vihar
2,2,Semi-Furnished,960,2,13000000,Paschim Vihar
4,3,Unfurnished,1800,2,23100000,Paschim Vihar
3,2,Semi-Furnished,1100,1,16000000,Paschim Vihar
2,2,Unfurnished,900,1,12500000,Paschim Vihar
3,3,Furnished,1620,1,24500000,Paschim Vihar
1,1,Unfurnished,500,1,3200000,Paschim Vihar
3,2,Unfurnished,800,1,6300000,Paschim Vihar
3,3,Semi-Furnished,1350,1,15000000,Paschim Vihar
3,3,Unfurnished,850,1,5700000,Paschim Vihar
3,2,Furnished,1580,1,21000000,Paschim Vihar
2,3,Unfurnished,820,1,7500000,Paschim Vihar
2,1,Semi-Furnished,594,1,6500000,Paschim Vihar
3,3,Semi-Furnished,14220,1,27500000,Paschim Vihar
3,2,Unfurnished,800,1,12000000,Paschim Vihar
3,2,Semi-Furnished,1500,2,18000000,Paschim Vihar
2,2,Semi-Furnished,500,1,12500000,Paschim Vihar
3,2,Unfurnished,850,1,5800000,Paschim Vihar
2,2,Semi-Furnished,1200,1,14500000,Paschim Vihar
3,3,Furnished,1200,1,13500000,Paschim Vihar
3,2,Semi-Furnished,500,1,20000000,Paschim Vihar
3,2,Furnished,1600,3,21000000,Paschim Vihar
3,3,Semi-Furnished,1700,1,17500000,Paschim Vihar
2,2,Unfurnished,1000,1,10000000,Paschim Vihar
2,2,Semi-Furnished,749,1,7500000,Paschim Vihar
2,2,Unfurnished,800,1,8500000,Paschim Vihar
3,3,Furnished,1600,1,20000000,Paschim Vihar
2,2,Furnished,950,1,6800000,Paschim Vihar
3,2,Semi-Furnished,1200,1,12500000,Paschim Vihar
3,2,Unfurnished,700,1,7000000,Paschim Vihar
3,2,Unfurnished,1200,1,12000000,Paschim Vihar
4,3,Semi-Furnished,1300,1,13000000,Paschim Vihar
2,2,Furnished,1100,1,9500000,Paschim Vihar
2,2,Furnished,700,1,7500000,Paschim Vihar
3,2,Furnished,1100,1,9000000,Paschim Vihar
3,3,Furnished,1100,1,9000000,Paschim Vihar
5,5,Unfurnished,2585,1,11000000,Patel Nagar
2,2,Semi-Furnished,945,1,23000000,Patel Nagar
2,2,Unfurnished,1215,1,5000000,Patel Nagar
3,3,Unfurnished,3393,2,12500000,Patel Nagar
5,5,Unfurnished,4250,1,42500000,Patel Nagar
3,3,Unfurnished,1620,1,36000000,Patel Nagar
3,3,Semi-Furnished,2355,1,29000000,Patel Nagar
3,2,Furnished,1520,1,8000000,Patel Nagar
5,4,Unfurnished,4688,1,135000000,Patel Nagar
4,4,Unfurnished,3901,1,93000000,Patel Nagar
5,4,Unfurnished,4688,1,135000000,Patel Nagar
4,4,Unfurnished,3901,1,93000000,Patel Nagar
2,3,Furnished,500,1,8200000,Patel Nagar
3,2,Unfurnished,800,1,8000000,Patel Nagar
3,2,Semi-Furnished,900,1,9500000,Patel Nagar
4,4,Semi-Furnished,1680,1,20000000,Patel Nagar
2,2,Furnished,900,3,7400000,Patel Nagar
3,3,Semi-Furnished,2000,1,37500000,Patel Nagar
4,4,Semi-Furnished,2000,3,15000000,Patel Nagar
3,3,Semi-Furnished,1900,1,55300000,Patel Nagar
3,3,Semi-Furnished,1530,2,26500000,Patel Nagar
3,2,Semi-Furnished,500,2,16000000,Patel Nagar
3,2,Furnished,900,2,10400000,Patel Nagar
1,1,Unfurnished,500,2,1700000,Patel Nagar
2,2,Semi-Furnished,950,2,8000000,Patel Nagar
3,3,Semi-Furnished,1800,2,27000000,Patel Nagar
3,3,Semi-Furnished,1500,2,19500000,Patel Nagar
3,3,Furnished,1800,3,50000000,Patel Nagar
3,3,Unfurnished,1800,3,21100000,Patel Nagar
3,3,Unfurnished,2306,1,57000000,Patel Nagar
2,3,Semi-Furnished,850,1,5900000,Patel Nagar
3,2,Unfurnished,500,1,12000000,Patel Nagar
3,2,Unfurnished,900,1,12000000,Patel Nagar
3,3,Unfurnished,1800,1,24000000,Patel Nagar
1,1,Semi-Furnished,500,1,7000000,Patel Nagar
3,3,Semi-Furnished,1782,1,15000000,Patel Nagar
2,2,Furnished,900,1,1500000,Patel Nagar
2,1,Semi-Furnished,500,1,3950000,Patel Nagar
3,3,Unfurnished,1500,1,12500000,Patel Nagar
3,1,Unfurnished,500,1,1600000,Patel Nagar
5,4,Unfurnished,4688,1,135000000,Patel Nagar
4,4,Unfurnished,3901,1,93000000,Patel Nagar
3,3,Unfurnished,2306,1,57000000,Patel Nagar
5,4,Semi-Furnished,1650,1,23000000,Patel Nagar
3,3,Unfurnished,2306,1,57000000,Patel Nagar
3,3,Semi-Furnished,1800,1,27500000,Patel Nagar
3,3,Furnished,1125,1,9500000,Patel Nagar
2,2,Semi-Furnished,1200,1,9500000,Patel Nagar
2,2,Furnished,900,1,7000000,Patel Nagar
3,2,Semi-Furnished,1100,1,10500000,Patel Nagar
3,4,Semi-Furnished,1800,3,25500000,Patel Nagar
2,2,Semi-Furnished,1000,1,6000000,Patel Nagar
2,2,Semi-Furnished,750,1,3200000,Patel Nagar
2,2,Semi-Furnished,775,1,3400000,Patel Nagar
2,2,Semi-Furnished,800,1,4800000,Patel Nagar
2,2,Furnished,750,1,3700000,Patel Nagar
2,2,Semi-Furnished,750,1,3800000,Patel Nagar
3,2,Unfurnished,900,1,16000000,Pitampura
3,1,Unfurnished,1100,1,11000000,Pitampura
3,2,Semi-Furnished,1000,1,12500000,Pitampura
2,2,Semi-Furnished,900,1,15000000,Pitampura
2,2,Semi-Furnished,540,1,3200000,Pratap Nagar
3,3,Semi-Furnished,900,1,8500000,Pratap Nagar
2,2,Furnished,700,1,3400000,Pratap Nagar
5,4,Semi-Furnished,3050,1,62500000,Preet Vihar
5,4,Semi-Furnished,3405,3,70000000,Preet Vihar
3,3,Semi-Furnished,1500,3,35500000,Preet Vihar
3,3,Unfurnished,2105,3,42100000,Preet Vihar
4,4,Semi-Furnished,2500,3,42500000,Preet Vihar
3,4,Semi-Furnished,2090,2,44000000,Preet Vihar
4,4,Semi-Furnished,2525,3,43200000,Preet Vihar
4,4,Semi-Furnished,2500,2,52500000,Preet Vihar
3,4,Furnished,2100,2,34300000,Preet Vihar
3,3,Semi-Furnished,2022,2,38000000,Preet Vihar
4,4,Furnished,2650,2,52500000,Preet Vihar
3,3,Unfurnished,1850,2,37500000,Preet Vihar
3,3,Semi-Furnished,2100,2,37000000,Preet Vihar
3,4,Semi-Furnished,1700,2,40000000,Preet Vihar
3,3,Semi-Furnished,2105,2,36200000,Preet Vihar
2,3,Semi-Furnished,1250,1,29000000,Preet Vihar
4,4,Furnished,2552,3,42500000,Preet Vihar
5,4,Semi-Furnished,3112,3,60000000,Preet Vihar
3,3,Semi-Furnished,2125,2,36500000,Preet Vihar
3,4,Semi-Furnished,2065,2,42500000,Preet Vihar
5,4,Semi-Furnished,3405,3,71500000,Preet Vihar
5,4,Semi-Furnished,3050,3,65000000,Preet Vihar
5,4,Semi-Furnished,2300,3,58000000,Preet Vihar
2,2,Semi-Furnished,1455,2,27500000,Preet Vihar
5,4,Semi-Furnished,3400,3,70000000,Preet Vihar
5,4,Semi-Furnished,3100,3,65000000,Preet Vihar
2,3,Unfurnished,1400,3,28600000,Preet Vihar
3,3,Semi-Furnished,2126,2,39000000,Preet Vihar
3,3,Semi-Furnished,1815,2,32500000,Preet Vihar
3,3,Unfurnished,1700,2,34000000,Preet Vihar
4,4,Semi-Furnished,2250,2,50000000,Punjabi Bagh
4,3,Unfurnished,2592,2,42500000,Punjabi Bagh
4,4,Unfurnished,1800,2,45500000,Punjabi Bagh
3,3,Semi-Furnished,1700,2,23000000,Punjabi Bagh
3,3,Unfurnished,1640,1,12000000,Punjabi Bagh
3,3,Furnished,2572,3,35000000,Punjabi Bagh
3,3,Semi-Furnished,2100,1,25000000,Punjabi Bagh
3,3,Semi-Furnished,1620,1,29000000,Punjabi Bagh
4,4,Semi-Furnished,2500,2,80000000,Punjabi Bagh
3,3,Semi-Furnished,2250,2,20500000,Punjabi Bagh
4,4,Semi-Furnished,2445,1,52500000,Punjabi Bagh
4,4,Unfurnished,2250,2,37500000,Punjabi Bagh
2,2,Semi-Furnished,800,2,7500000,Punjabi Bagh
3,3,Semi-Furnished,1450,2,32500000,Punjabi Bagh
3,3,Unfurnished,1440,2,24500000,Punjabi Bagh
5,4,Unfurnished,5220,2,65000000,Punjabi Bagh
3,3,Semi-Furnished,1800,2,27500000,Punjabi Bagh
5,4,Semi-Furnished,4455,1,115000000,Punjabi Bagh
3,3,Semi-Furnished,500,1,28000000,Punjabi Bagh
2,1,Semi-Furnished,807,1,8000000,Punjabi Bagh
4,4,Furnished,3500,3,75100000,Punjabi Bagh
2,2,Semi-Furnished,1000,1,7800000,Punjabi Bagh
2,2,Semi-Furnished,900,1,15000000,Punjabi Bagh
3,3,Furnished,1800,1,27500000,Punjabi Bagh
3,3,Semi-Furnished,17010,2,25000000,Punjabi Bagh
4,4,Semi-Furnished,2340,1,26000000,Punjabi Bagh
3,3,Unfurnished,1350,1,23500000,Punjabi Bagh
3,1,Unfurnished,500,1,4200000,Punjabi Bagh
2,2,Unfurnished,954,1,10000000,Punjabi Bagh
2,2,Semi-Furnished,1155,1,18500000,Punjabi Bagh
5,2,Semi-Furnished,1690,1,17000000,Punjabi Bagh
5,3,Furnished,1720,1,35000000,Punjabi Bagh
3,3,Semi-Furnished,1750,1,30000000,Punjabi Bagh
5,3,Unfurnished,1850,1,25000000,Punjabi Bagh
5,4,Unfurnished,1984,1,20500000,Rajendra Nagar
3,2,Unfurnished,989,1,5000000,Rajendra Nagar
2,2,Unfurnished,800,1,3200000,Rajendra Nagar
1,1,Semi-Furnished,500,1,2200000,Rajendra Nagar
4,3,Semi-Furnished,2000,1,10000000,Rajendra Nagar
2,2,Semi-Furnished,500,1,2990000,Rajendra Nagar
4,4,Semi-Furnished,10434,1,85000000,Rajendra Nagar
3,3,Furnished,700,1,13000000,Rajendra Nagar
3,3,Unfurnished,1125,1,24500000,Rajendra Nagar
3,3,Semi-Furnished,1150,1,17500000,Rajendra Nagar
3,3,Semi-Furnished,1250,1,26500000,Rajendra Nagar
3,3,Unfurnished,500,1,45000000,Rajendra Nagar
3,2,Semi-Furnished,800,1,13000000,Rajendra Nagar
3,3,Furnished,1350,1,28500000,Rajendra Nagar
3,3,Semi-Furnished,2550,2,14100000,Rajendra Nagar
3,2,Semi-Furnished,1100,1,4400000,Rajendra Nagar
3,2,Unfurnished,1250,1,4500000,Rajendra Nagar
2,2,Semi-Furnished,1000,1,3500000,Rajendra Nagar
3,2,Semi-Furnished,1300,1,5400000,Rajendra Nagar
3,3,Unfurnished,1200,1,4200000,Rajendra Nagar
3,2,Semi-Furnished,1300,1,5500000,Rajendra Nagar
2,2,Semi-Furnished,750,1,2600000,Rajendra Nagar
2,2,Unfurnished,1000,1,2700000,Rajendra Nagar
3,2,Semi-Furnished,1100,1,5500000,Rajendra Nagar
3,2,Semi-Furnished,1100,1,4500000,Rajendra Nagar
2,2,Furnished,900,1,4500000,Rajendra Nagar
3,2,Semi-Furnished,1250,1,5500000,Rajendra Nagar
3,3,Semi-Furnished,1400,1,5560000,Rajendra Nagar
3,2,Unfurnished,1000,1,5800000,Rajendra Nagar
3,2,Furnished,1200,1,5000000,Rajendra Nagar
2,2,Unfurnished,900,1,3500000,Rajendra Nagar
2,2,Unfurnished,850,1,3500000,Rajendra Nagar
2,2,Semi-Furnished,950,1,3500000,Rajendra Nagar
2,2,Semi-Furnished,650,1,3500000,Rajendra Nagar
4,3,Furnished,1750,1,10000000,Rajendra Nagar
2,2,Semi-Furnished,750,1,3000000,Rajendra Nagar
3,2,Unfurnished,1300,1,5000000,Rajendra Nagar
2,2,Semi-Furnished,850,1,3900000,Rajendra Nagar
3,2,Semi-Furnished,1300,1,5400000,Rajendra Nagar
2,2,Unfurnished,720,1,3700000,Rajendra Nagar
3,3,Furnished,1150,1,6400000,Rajendra Nagar
2,2,Unfurnished,970,1,3500000,Rajendra Nagar
3,3,Unfurnished,1300,1,4500000,Rajendra Nagar
4,4,Semi-Furnished,1800,1,45000000,Rajouri Garden
3,3,Semi-Furnished,2565,1,28500000,Rajouri Garden
2,2,Semi-Furnished,647,1,4950000,Rajouri Garden
5,2,Unfurnished,1200,1,10000000,Rajouri Garden
3,3,Semi-Furnished,1450,1,35000000,Rajouri Garden
2,1,Semi-Furnished,500,1,8500000,Rajouri Garden
3,3,Semi-Furnished,1650,1,22500000,Rajouri Garden
3,3,Semi-Furnished,500,1,28500000,Rajouri Garden
3,3,Semi-Furnished,1680,1,28500000,Rajouri Garden
5,3,Furnished,1440,1,15000000,Rajouri Garden
4,3,Semi-Furnished,1550,1,13000000,Rohini Sub City
5,2,Furnished,1100,1,9500000,Rohini Sub City
2,1,Unfurnished,500,1,3100000,Rohini Sub City
3,2,Unfurnished,1100,1,20500000,Rohini Sub City
2,2,Unfurnished,630,1,5800000,Rohini Sub City
2,2,Semi-Furnished,600,1,4500000,Rohini Sub City
3,2,Semi-Furnished,650,1,4500000,Rohini Sub City
3,3,Unfurnished,1350,1,26000000,Rohini Sub City
2,2,Semi-Furnished,500,1,3700000,Rohini Sub City
2,2,Semi-Furnished,600,1,4700000,Rohini Sub City
3,1,Semi-Furnished,1000,1,10500000,Rohini Sub City
2,2,Semi-Furnished,900,1,9500000,Rohini Sub City
3,3,Semi-Furnished,920,1,6000000,Rohini Sub City
2,2,Semi-Furnished,1000,1,20000000,Rohini Sub City
3,2,Semi-Furnished,1250,1,17000000,Rohini Sub City
3,2,Semi-Furnished,1000,1,12000000,Rohini Sub City
2,2,Unfurnished,500,1,5500000,Rohini Sub City
2,2,Semi-Furnished,630,1,6000000,Rohini Sub City
5,2,Unfurnished,600,1,2800000,Rohini Sub City
3,2,Semi-Furnished,950,1,9300000,Rohini Sub City
2,2,Semi-Furnished,500,1,4500000,Rohini Sub City
5,1,Unfurnished,500,1,4500000,Rohini Sub City
3,2,Furnished,1100,1,13500000,Rohini Sub City
2,2,Semi-Furnished,525,1,4000000,Rohini Sub City
3,2,Semi-Furnished,1000,1,12500000,Rohini Sub City
3,2,Semi-Furnished,720,1,6800000,Rohini Sub City
3,2,Semi-Furnished,1000,1,12000000,Rohini Sub City
3,2,Semi-Furnished,850,1,9000000,Rohini Sub City
2,2,Semi-Furnished,750,1,6300000,Rohini Sub City
5,2,Semi-Furnished,725,1,5800000,Rohini Sub City
2,2,Semi-Furnished,1100,1,9500000,Rohini Sub City
3,3,Semi-Furnished,500,1,16000000,Rohini Sub City
5,3,Furnished,1100,1,32500000,Rohini Sub City
2,2,Unfurnished,1000,1,11000000,Rohini Sub City
3,2,Semi-Furnished,1000,1,18500000,Rohini Sub City
1,2,Unfurnished,500,1,4200000,Rohini Sub City
2,2,Semi-Furnished,500,1,6200000,Rohini Sub City
5,5,Unfurnished,1700,1,18000000,Rohini Sub City
3,2,Unfurnished,1883,1,600000000,Rohini Sub City
5,5,Semi-Furnished,1633,1,49000000,Rohini Sub City
3,3,Unfurnished,2355,1,19000000,Rohini Sub City
4,3,Semi-Furnished,2355,1,18500000,Rohini Sub City
5,5,Unfurnished,5500,1,22000000,Rohini Sub City
4,4,Furnished,2200,1,31500000,Rohini Sub City
1,2,Semi-Furnished,500,1,4100000,Rohini Sub City
4,4,Furnished,2070,1,15300000,Rohini Sub City
2,2,Semi-Furnished,869,1,4600000,Rohini Sub City
3,2,Semi-Furnished,2362,1,10500000,Rohini Sub City
3,2,Semi-Furnished,2372,1,8500000,Rohini Sub City
2,2,Furnished,511,1,6000000,Rohini Sub City
3,2,Semi-Furnished,519,1,8500000,Rohini Sub City
3,2,Semi-Furnished,1200,1,12100000,Rohini Sub City
1,1,Semi-Furnished,500,1,2300000,Rohini Sub City
2,2,Semi-Furnished,647,1,5500000,Rohini Sub City
4,3,Semi-Furnished,1550,1,12500000,Rohini Sub City
3,2,Semi-Furnished,850,1,6500000,Rohini Sub City
4,4,Unfurnished,2170,2,22000000,Rohini Sub City
3,2,Semi-Furnished,720,1,6000000,Rohini Sub City
3,2,Semi-Furnished,850,1,7300000,Rohini Sub City
3,2,Semi-Furnished,950,1,7600000,Rohini Sub City
4,4,Semi-Furnished,2300,1,20000000,Rohini Sub City
4,4,Semi-Furnished,1300,1,15000000,Rohini Sub City
3,2,Semi-Furnished,1100,1,6200000,Rohini Sub City
3,2,Furnished,1030,1,6200000,Rohini Sub City
1,1,Semi-Furnished,500,1,2300000,Rohini Sub City
2,2,Semi-Furnished,750,1,5000000,Rohini Sub City
2,2,Semi-Furnished,720,1,4700000,Rohini Sub City
2,2,Semi-Furnished,800,1,5500000,Rohini Sub City
1,1,Semi-Furnished,500,1,2000000,Rohini Sub City
3,2,Semi-Furnished,980,1,7300000,Rohini Sub City
4,3,Semi-Furnished,1600,1,13000000,Rohini Sub City
3,3,Semi-Furnished,1450,1,11500000,Rohini Sub City
2,2,Semi-Furnished,500,1,2800000,Rohini Sub City
1,1,Semi-Furnished,500,1,2200000,Rohini Sub City
2,2,Semi-Furnished,680,1,4400000,Rohini Sub City
3,3,Semi-Furnished,1600,1,13500000,Rohini Sub City
2,2,Semi-Furnished,630,1,4100000,Rohini Sub City
3,2,Semi-Furnished,1500,1,12000000,Rohini Sub City
2,2,Semi-Furnished,550,1,3500000,Rohini Sub City
4,3,Semi-Furnished,2500,1,15000000,Rohini Sub City
5,4,Semi-Furnished,2800,1,17500000,Rohini Sub City
1,1,Semi-Furnished,500,1,1900000,Rohini Sub City
3,2,Semi-Furnished,800,1,5500000,Rohini Sub City
3,2,Semi-Furnished,1295,1,10000000,Rohini Sub City
3,2,Semi-Furnished,700,1,4700000,Rohini Sub City
1,1,Semi-Furnished,500,1,2400000,Rohini Sub City
2,2,Semi-Furnished,500,1,3800000,Rohini Sub City
4,4,Semi-Furnished,2200,1,23000000,Rohini Sub City
4,4,Semi-Furnished,2300,1,24500000,Rohini Sub City
2,2,Semi-Furnished,550,1,4500000,Rohini Sub City
4,3,Semi-Furnished,1100,1,17000000,Rohini Sub City
3,3,Semi-Furnished,1150,1,25000000,Rohini Sub City
2,2,Semi-Furnished,650,1,6000000,Rohini Sub City
2,2,Semi-Furnished,850,1,11000000,Rohini Sub City
3,2,Semi-Furnished,900,1,4500000,Rohini Sub City
1,1,Furnished,500,2,5300000,Rohini Sub City
2,2,Semi-Furnished,900,1,10500000,Rohini Sub City
2,2,Semi-Furnished,914,1,12000000,Rohini Sub City
3,3,Furnished,1100,1,7000000,Rohini Sub City
3,2,Semi-Furnished,800,1,7000000,Rohini Sub City
1,1,Semi-Furnished,500,1,3400000,Rohini Sub City
2,2,Furnished,500,1,5000000,Rohini Sub City
4,4,Furnished,2160,1,21000000,Rohini Sub City
4,3,Semi-Furnished,1550,1,13000000,Rohini Sub City
2,2,Semi-Furnished,750,1,5000000,Rohini Sub City
3,3,Semi-Furnished,1800,1,37500000,Safdarjung Enclave
3,3,Semi-Furnished,1300,1,32500000,Safdarjung Enclave
3,3,Semi-Furnished,1500,3,37500000,Safdarjung Enclave
4,4,Semi-Furnished,2100,3,55000000,Safdarjung Enclave
4,4,Semi-Furnished,1800,2,87500000,Safdarjung Enclave
2,2,Unfurnished,1100,1,16300000,Safdarjung Enclave
4,4,Unfurnished,2035,2,65000000,Safdarjung Enclave
3,3,Semi-Furnished,1550,1,38000000,Safdarjung Enclave
2,2,Unfurnished,700,1,15000000,Safdarjung Enclave
2,1,Semi-Furnished,500,1,2000000,Safdarjung Enclave
1,1,Unfurnished,540,1,3000000,Safdarjung Enclave
2,2,Semi-Furnished,810,1,8500000,Safdarjung Enclave
4,4,Semi-Furnished,3250,1,55000000,Safdarjung Enclave
3,3,Semi-Furnished,1600,2,22500000,Safdarjung Enclave
4,4,Semi-Furnished,4000,1,72500000,Safdarjung Enclave
5,4,Furnished,5500,1,160000000,Safdarjung Enclave
3,3,Semi-Furnished,900,1,12500000,Safdarjung Enclave
2,2,Semi-Furnished,972,1,17000000,Safdarjung Enclave
4,4,Unfurnished,4150,3,82500000,Safdarjung Enclave
4,4,Semi-Furnished,2250,2,55000000,Safdarjung Enclave
3,3,Semi-Furnished,1650,1,35000000,Safdarjung Enclave
4,4,Semi-Furnished,2610,2,42500000,Safdarjung Enclave
2,2,Semi-Furnished,600,1,4700000,Safdarjung Enclave
4,4,Unfurnished,1700,2,52500000,Safdarjung Enclave
4,4,Semi-Furnished,2250,3,80000000,Safdarjung Enclave
3,2,Unfurnished,880,1,11000000,Safdarjung Enclave
4,4,Semi-Furnished,4200,3,74000000,Safdarjung Enclave
3,3,Semi-Furnished,1450,1,37500000,Safdarjung Enclave
4,4,Semi-Furnished,2200,3,52500000,Safdarjung Enclave
3,3,Semi-Furnished,500,1,35000000,Safdarjung Enclave
3,3,Unfurnished,1100,1,25000000,Safdarjung Enclave
4,3,Semi-Furnished,1700,2,29500000,Saket
3,2,Unfurnished,1350,1,19000000,Saket
4,3,Furnished,2100,1,25500000,Saket
4,4,Semi-Furnished,2600,3,75000000,Saket
4,4,Semi-Furnished,3000,3,75000000,Saket
3,3,Semi-Furnished,1450,1,34000000,Saket
4,4,Semi-Furnished,2050,1,47500000,Saket
4,4,Semi-Furnished,3000,3,75000000,Saket
3,3,Semi-Furnished,1800,2,23000000,Saket
3,2,Semi-Furnished,900,1,24000000,Saket
3,2,Semi-Furnished,1500,2,21500000,Saket
3,2,Semi-Furnished,1500,1,28500000,Saket
4,4,Semi-Furnished,1800,1,12500000,Saket
3,3,Unfurnished,1674,1,45000000,Saket
4,3,Furnished,2025,2,30500000,Saket
3,3,Semi-Furnished,1300,3,22500000,Saket
3,3,Furnished,990,1,28000000,Saket
3,4,Semi-Furnished,2100,2,25000000,Saket
4,4,Semi-Furnished,2250,2,33700000,Saket
3,3,Semi-Furnished,1500,1,27000000,Saket
4,4,Semi-Furnished,2700,2,43500000,Saket
3,3,Semi-Furnished,1700,2,29000000,Saket
3,3,Semi-Furnished,1700,2,30000000,Saket
4,4,Semi-Furnished,2050,2,52100000,Saket
3,3,Unfurnished,1800,1,32500000,Saket
3,2,Semi-Furnished,1500,1,20500000,Saket
4,3,Semi-Furnished,2000,1,25000000,Saket
3,3,Semi-Furnished,1500,2,30000000,Saket
4,4,Semi-Furnished,24300,2,51000000,Saket
4,4,Semi-Furnished,2475,1,31000000,Saket
3,3,Semi-Furnished,1300,1,22500000,Saket
3,2,Unfurnished,1500,1,18000000,Saket
3,3,Unfurnished,2700,1,28000000,Saket
3,3,Unfurnished,1600,2,26000000,Saket
2,2,Semi-Furnished,850,1,5000000,Saket
3,3,Semi-Furnished,1900,1,45000000,Saket
3,3,Semi-Furnished,1700,1,20400000,Saket
3,3,Furnished,1200,1,19000000,Saket
3,3,Unfurnished,2000,1,14500000,Saket
3,3,Semi-Furnished,1500,1,8000000,Saket
3,3,Unfurnished,1500,1,26000000,Saket
3,3,Semi-Furnished,1700,2,8000000,Saket
3,2,Unfurnished,1500,1,13500000,Sarita Vihar
4,2,Semi-Furnished,1600,2,15800000,Sarita Vihar
5,4,Semi-Furnished,1200,2,17000000,Sarita Vihar
4,2,Semi-Furnished,1600,1,15500000,Sarita Vihar
3,2,Semi-Furnished,1250,2,16000000,Sarita Vihar
2,2,Furnished,950,2,12900000,Sarita Vihar
3,3,Furnished,1200,2,13500000,Sarita Vihar
4,2,Furnished,1400,2,17800000,Sarita Vihar
2,2,Furnished,950,2,13200000,Sarita Vihar
3,3,Semi-Furnished,1350,2,14000000,Sarita Vihar
4,2,Furnished,1550,2,17500000,Sarita Vihar
3,2,Semi-Furnished,1300,2,17000000,Sarita Vihar
2,2,Furnished,1000,2,13000000,Sarita Vihar
3,3,Furnished,1500,2,17000000,Sarita Vihar
2,2,Furnished,950,2,12700000,Sarita Vihar
3,2,Furnished,1200,2,13500000,Sarita Vihar
4,2,Furnished,1400,2,17400000,Sarita Vihar
4,2,Furnished,1500,2,17800000,Sarita Vihar
2,2,Furnished,1050,2,12700000,Sarita Vihar
4,2,Furnished,1550,2,16200000,Sarita Vihar
2,2,Furnished,950,2,11100000,Sarita Vihar
2,2,Furnished,1150,2,13600000,Sarita Vihar
2,2,Furnished,1150,2,13100000,Sarita Vihar
2,2,Furnished,1150,2,12500000,Sarita Vihar
3,2,Furnished,1500,2,13600000,Sarita Vihar
2,2,Unfurnished,1150,1,13500000,Sarita Vihar
3,2,Unfurnished,1500,1,14000000,Sarita Vihar
2,2,Semi-Furnished,1150,2,10800000,Sarita Vihar
2,1,Semi-Furnished,1250,1,7500000,Seelampur
3,1,Semi-Furnished,504,1,3600000,Seelampur
2,1,Unfurnished,500,1,6000000,Seelampur
1,1,Semi-Furnished,500,1,3000000,Shahdara
2,1,Semi-Furnished,783,3,3800000,Shahdara
2,1,Unfurnished,500,1,1820000,Shahdara
5,2,Semi-Furnished,1603,1,9000000,Shahdara
3,3,Unfurnished,4897,1,15800000,Shahdara
1,1,Furnished,500,1,1900000,Shahdara
2,2,Furnished,850,1,4500000,Shahdara
3,2,Semi-Furnished,500,1,35000000,Shahdara
4,2,Furnished,1800,1,17500000,Shahdara
4,3,Furnished,1800,1,35000000,Shahdara
5,2,Furnished,1530,1,10200000,Shahdara
4,3,Furnished,1650,1,14000000,Shahdara
2,2,Semi-Furnished,700,1,2500000,Shahdara
2,2,Semi-Furnished,900,1,4500000,Shahdara
3,3,Semi-Furnished,1425,1,9300000,Shahdara
3,2,Furnished,1053,3,7000000,Shahdara
2,2,Unfurnished,700,1,4600000,Shahdara
2,2,Semi-Furnished,750,1,9200000,Shahdara
3,2,Semi-Furnished,970,1,6500000,Shahdara
3,2,Furnished,1000,1,5650000,Shahdara
2,2,Unfurnished,500,1,2700000,Shahdara
2,2,Semi-Furnished,650,1,5800000,Shahdara
3,2,Semi-Furnished,950,1,5500000,Shahdara
2,2,Unfurnished,750,1,4500000,Shahdara
2,2,Semi-Furnished,990,2,4100000,Shahdara
3,2,Semi-Furnished,800,2,3800000,Shahdara
2,1,Unfurnished,675,1,3300000,Shahdara
2,1,Unfurnished,558,1,2900000,Shahdara
2,1,Unfurnished,500,1,2000000,Shahdara
4,3,Semi-Furnished,1350,1,11300000,Shahdara
3,2,Semi-Furnished,850,1,4500000,Shahdara
2,1,Unfurnished,846,1,3300000,Shahdara
4,3,Furnished,1300,1,11500000,Shahdara
3,2,Semi-Furnished,900,1,6000000,Shahdara
2,2,Furnished,850,1,4500000,Shahdara
4,3,Furnished,1650,1,14000000,Shahdara
2,2,Semi-Furnished,1150,1,7300000,Shahdara
3,2,Semi-Furnished,900,1,9000000,Sultanpur
3,2,Semi-Furnished,1150,1,6300000,Sultanpur
3,3,Semi-Furnished,1000,1,5500000,Sultanpur
1,1,Semi-Furnished,500,1,2350000,Sultanpur
3,3,Semi-Furnished,1350,1,8500000,Sultanpur
1,2,Semi-Furnished,500,1,1650000,Sultanpur
2,2,Semi-Furnished,1200,1,10000000,Sultanpur
1,1,Unfurnished,500,1,1500000,Sultanpur
2,2,Semi-Furnished,1100,1,2800000,Sultanpur
2,2,Semi-Furnished,700,1,2600000,Sultanpur
1,1,Furnished,500,1,2350000,Sultanpur
1,1,Unfurnished,540,1,2350000,Sultanpur
1,1,Unfurnished,500,1,2000000,Sultanpur
2,2,Semi-Furnished,800,1,5000000,Sultanpur
2,2,Semi-Furnished,700,1,3500000,Sultanpur
2,2,Semi-Furnished,750,1,4500000,Sultanpur
2,2,Unfurnished,750,1,4000000,Sultanpur
3,3,Unfurnished,1600,1,10800000,Sultanpur
3,2,Unfurnished,1000,1,10000000,Sultanpur
3,3,Unfurnished,1600,1,10800000,Sultanpur
3,2,Semi-Furnished,900,1,9000000,Sultanpur
3,3,Semi-Furnished,1700,1,8500000,Sultanpur
3,2,Semi-Furnished,1100,1,6000000,Sultanpur
3,3,Semi-Furnished,1000,1,5500000,Sultanpur
3,2,Semi-Furnished,1000,1,7000000,Sultanpur
3,2,Furnished,1100,1,6000000,Sultanpur
3,2,Unfurnished,765,1,3700000,Sultanpur
2,2,Semi-Furnished,900,1,3100000,Sultanpur
2,2,Unfurnished,600,1,4500000,Sultanpur
1,1,Semi-Furnished,500,1,1500000,Sultanpur
3,4,Furnished,3500,1,85000000,Sultanpur
1,2,Unfurnished,500,1,2100000,Uttam Nagar
3,2,Semi-Furnished,800,1,4000000,Uttam Nagar
2,2,Unfurnished,817,3,6500000,Uttam Nagar
1,1,Unfurnished,500,1,1300000,Uttam Nagar
2,2,Semi-Furnished,1349,1,5000000,Uttam Nagar
1,1,Unfurnished,500,1,2000000,Uttam Nagar
2,2,Unfurnished,500,1,2400000,Uttam Nagar
3,3,Unfurnished,662,1,3200000,Uttam Nagar
1,1,Furnished,2355,1,2800000,Uttam Nagar
4,2,Semi-Furnished,1079,1,6930000,Uttam Nagar
2,2,Furnished,1200,2,15000000,Uttam Nagar
5,3,Unfurnished,500,1,9000000,Uttam Nagar
2,2,Semi-Furnished,540,1,2650000,Uttam Nagar
3,2,Furnished,950,1,4370000,Uttam Nagar
2,2,Semi-Furnished,540,1,3300000,Uttam Nagar
3,2,Semi-Furnished,1000,1,5510000,Uttam Nagar
2,2,Semi-Furnished,540,1,2600000,Uttam Nagar
3,2,Semi-Furnished,780,1,4000000,Uttam Nagar
2,1,Semi-Furnished,500,1,1850000,Uttam Nagar
1,1,Semi-Furnished,500,1,1700000,Uttam Nagar
2,2,Semi-Furnished,500,1,2150000,Uttam Nagar
3,2,Semi-Furnished,1000,1,6200000,Uttam Nagar
2,2,Semi-Furnished,620,1,3100000,Uttam Nagar
2,2,Unfurnished,805,1,4000000,Uttam Nagar
2,2,Semi-Furnished,540,1,2500000,Uttam Nagar
1,1,Semi-Furnished,500,1,2000000,Uttam Nagar
2,2,Semi-Furnished,550,1,1900000,Uttam Nagar
2,1,Semi-Furnished,550,1,2000000,Uttam Nagar
2,2,Semi-Furnished,550,1,2600000,Uttam Nagar
2,1,Unfurnished,675,1,2900000,Uttam Nagar
2,2,Unfurnished,585,1,3200000,Uttam Nagar
3,2,Semi-Furnished,810,1,5400000,Uttam Nagar
3,2,Furnished,950,1,4370000,Uttam Nagar
2,2,Semi-Furnished,540,1,3300000,Uttam Nagar
3,2,Semi-Furnished,1000,1,5510000,Uttam Nagar
2,2,Semi-Furnished,800,1,4300000,Uttam Nagar
3,2,Semi-Furnished,713,1,5500000,Uttam Nagar
3,2,Semi-Furnished,500,1,4600000,Uttam Nagar
2,2,Semi-Furnished,500,1,3200000,Uttam Nagar
3,2,Semi-Furnished,810,1,4500000,Uttam Nagar
3,2,Unfurnished,500,1,4000000,Uttam Nagar
3,2,Unfurnished,850,1,3000000,Uttam Nagar
3,2,Semi-Furnished,850,1,3000000,Uttam Nagar
2,2,Semi-Furnished,500,1,3000000,Uttam Nagar
3,2,Furnished,1000,1,4300000,Uttam Nagar
2,1,Semi-Furnished,520,1,2500000,Uttam Nagar
2,2,Unfurnished,500,1,3200000,Uttam Nagar
3,2,Semi-Furnished,500,1,4000000,Uttam Nagar
3,2,Semi-Furnished,850,1,3500000,Uttam Nagar
3,2,Semi-Furnished,920,1,3850000,Uttam Nagar
3,2,Furnished,630,1,4010000,Uttam Nagar
5,2,Unfurnished,668,1,2290000,Uttam Nagar
2,2,Semi-Furnished,650,1,2950000,Uttam Nagar
2,1,Unfurnished,500,1,2200000,Uttam Nagar
5,2,Semi-Furnished,900,1,4300000,Uttam Nagar
3,2,Semi-Furnished,950,1,4000000,Uttam Nagar
2,2,Semi-Furnished,500,1,4200000,Uttam Nagar
2,1,Semi-Furnished,500,1,2200000,Uttam Nagar
2,2,Unfurnished,630,1,3200000,Uttam Nagar
5,2,Furnished,980,1,4600000,Uttam Nagar
2,1,Semi-Furnished,500,1,2400000,Uttam Nagar
2,2,Furnished,550,1,3300000,Uttam Nagar
3,2,Semi-Furnished,500,1,3500000,Uttam Nagar
2,2,Semi-Furnished,520,1,2250000,Uttam Nagar
3,2,Unfurnished,810,1,4250000,Uttam Nagar
2,2,Semi-Furnished,520,1,2900000,Uttam Nagar
3,3,Semi-Furnished,500,1,26000000,Uttam Nagar
5,2,Semi-Furnished,521,1,2250000,Uttam Nagar
2,2,Unfurnished,500,1,3600000,Uttam Nagar
2,2,Unfurnished,550,1,2800000,Uttam Nagar
3,2,Furnished,1025,1,6500000,Uttam Nagar
2,2,Semi-Furnished,900,1,6000000,Uttam Nagar
3,2,Furnished,700,1,4000000,Uttam Nagar
2,2,Semi-Furnished,750,1,3500000,Uttam Nagar
2,2,Furnished,600,1,3200000,Uttam Nagar
3,2,Furnished,1000,1,4600000,Uttam Nagar
4,2,Semi-Furnished,1080,1,6950000,Uttam Nagar
4,2,Semi-Furnished,1350,1,6500000,Uttam Nagar
3,2,Unfurnished,855,1,4000000,Uttam Nagar
3,2,Semi-Furnished,741,1,3500000,Uttam Nagar
3,2,Furnished,1097,1,4500000,Uttam Nagar
2,2,Furnished,550,1,2700000,Uttam Nagar
2,2,Furnished,700,1,3250000,Uttam Nagar
3,2,Semi-Furnished,720,1,3700000,Uttam Nagar
2,2,Furnished,900,1,4500000,Uttam Nagar
3,2,Semi-Furnished,1400,1,6000000,Uttam Nagar
3,3,Unfurnished,1350,1,6100000,Uttam Nagar
2,2,Semi-Furnished,900,1,4500000,Uttam Nagar
2,2,Furnished,590,1,2700000,Uttam Nagar
2,2,Furnished,1125,1,6010000,Uttam Nagar
3,2,Unfurnished,1044,1,5000000,Uttam Nagar
3,2,Furnished,910,3,4990000,Uttam Nagar
3,2,Furnished,900,1,5000000,Uttam Nagar
2,2,Semi-Furnished,750,1,3400000,Uttam Nagar
2,2,Semi-Furnished,750,1,3000000,Uttam Nagar
3,2,Semi-Furnished,725,1,3500000,Uttam Nagar
2,2,Furnished,900,1,4000000,Uttam Nagar
2,2,Unfurnished,700,1,2900000,Uttam Nagar
3,3,Unfurnished,2000,1,31000000,Vasant Kunj
1,2,Semi-Furnished,650,1,7400000,Vasant Kunj
2,2,Unfurnished,1100,1,15500000,Vasant Kunj
2,2,Semi-Furnished,1075,2,12000000,Vasant Kunj
3,2,Semi-Furnished,1450,2,23500000,Vasant Kunj
3,2,Semi-Furnished,1200,2,25000000,Vasant Kunj
1,2,Unfurnished,600,2,7000000,Vasant Kunj
2,2,Unfurnished,1000,1,17500000,Vasant Kunj
3,2,Semi-Furnished,1600,1,25000000,Vasant Kunj
4,4,Unfurnished,1750,1,29000000,Vasant Kunj
3,3,Semi-Furnished,1300,1,21900000,Vasant Kunj
1,2,Furnished,550,1,7500000,Vasant Kunj
4,3,Semi-Furnished,2200,2,23500000,Vasant Kunj
2,2,Semi-Furnished,1100,2,24000000,Vasant Kunj
3,2,Semi-Furnished,1700,2,31000000,Vasant Kunj
2,2,Semi-Furnished,1100,3,16500000,Vasant Kunj
2,2,Furnished,1000,1,5000000,Vasant Kunj
3,2,Furnished,1350,1,24000000,Vasant Kunj
2,2,Semi-Furnished,1184,1,17000000,Vasant Kunj
4,2,Furnished,2000,1,40000000,Vasant Kunj
4,4,Semi-Furnished,3500,3,22500000,Vasant Kunj
3,3,Furnished,900,2,20000000,Vasant Kunj
2,2,Semi-Furnished,1100,1,15000000,Vasant Kunj
4,4,Unfurnished,1750,1,29000000,Vasant Kunj
2,2,Furnished,1100,1,16000000,Vasant Kunj
2,2,Unfurnished,1050,1,17500000,Vasant Kunj
3,2,Unfurnished,1400,1,27500000,Vasant Kunj
3,2,Semi-Furnished,1400,1,23500000,Vasant Kunj
3,3,Semi-Furnished,1850,1,27500000,Vasant Kunj
2,2,Unfurnished,900,1,14000000,Vasant Kunj
2,2,Semi-Furnished,1500,1,24000000,Vasant Kunj
3,3,Semi-Furnished,1150,1,8500000,Vasant Kunj
2,2,Unfurnished,1400,1,20000000,Vasant Kunj
3,3,Unfurnished,1600,1,20000000,Vasant Kunj
3,2,Semi-Furnished,1950,1,31500000,Vasant Kunj
2,2,Unfurnished,1000,1,15000000,Vasant Kunj
3,2,Unfurnished,1550,1,25000000,Vasant Kunj
2,2,Semi-Furnished,1100,1,22800000,Vasant Kunj
3,3,Semi-Furnished,1450,1,26500000,Vasant Kunj
5,3,Semi-Furnished,1050,1,12500000,Vasant Kunj
2,2,Semi-Furnished,1100,1,15000000,Vasant Kunj
4,3,Semi-Furnished,1800,2,55000000,Vasant Vihar
4,3,Semi-Furnished,1800,2,55000000,Vasant Vihar
2,2,Semi-Furnished,900,1,8000000,Vasundhara Enclave
3,3,Semi-Furnished,1500,1,12000000,Vasundhara Enclave
2,2,Semi-Furnished,1050,1,9000000,Vasundhara Enclave
3,2,Semi-Furnished,1300,2,11500000,Vasundhara Enclave
4,3,Furnished,1600,1,20000000,Vasundhara Enclave
2,2,Semi-Furnished,900,1,8550000,Vasundhara Enclave
4,4,Semi-Furnished,1350,1,10500000,Vasundhara Enclave
3,2,Furnished,1000,2,12000000,Vasundhara Enclave
3,2,Unfurnished,1400,1,11000000,Vasundhara Enclave
3,2,Semi-Furnished,975,1,12000000,Vasundhara Enclave
2,2,Unfurnished,900,1,9000000,Vasundhara Enclave
2,2,Semi-Furnished,1100,1,10000000,Vasundhara Enclave
2,2,Unfurnished,950,1,8100000,Vasundhara Enclave
3,3,Furnished,1300,1,9200000,Vasundhara Enclave
3,3,Semi-Furnished,1459,1,14200000,Vasundhara Enclave
2,2,Semi-Furnished,1000,1,7500000,Vasundhara Enclave
2,2,Semi-Furnished,1100,1,9500000,Vasundhara Enclave
3,2,Furnished,1450,1,14000000,Vasundhara Enclave
3,3,Semi-Furnished,1450,1,11600000,Vasundhara Enclave
3,3,Semi-Furnished,1150,1,12000000,Vasundhara Enclave
2,2,Semi-Furnished,780,1,7500000,Vasundhara Enclave
3,2,Semi-Furnished,1300,2,9800000,Vasundhara Enclave
3,3,Semi-Furnished,1350,1,12000000,Vasundhara Enclave
3,2,Semi-Furnished,1200,1,12500000,Vasundhara Enclave
3,3,Semi-Furnished,1460,1,16500000,Vasundhara Enclave
3,3,Unfurnished,1460,1,12000000,Vasundhara Enclave
2,2,Unfurnished,1100,1,7200000,Vasundhara Enclave
3,3,Furnished,1500,2,15000000,Vasundhara Enclave
2,2,Semi-Furnished,1050,1,10000000,Vasundhara Enclave
3,3,Semi-Furnished,1350,1,11000000,Vasundhara Enclave
2,2,Semi-Furnished,800,1,8500000,Vasundhara Enclave
2,2,Semi-Furnished,1200,1,9500000,Vasundhara Enclave
2,2,Furnished,1100,1,11300000,Vasundhara Enclave
3,3,Semi-Furnished,1400,1,14800000,Vasundhara Enclave
3,2,Semi-Furnished,970,1,12000000,Vasundhara Enclave
3,3,Semi-Furnished,1500,1,16900000,Vasundhara Enclave
3,3,Semi-Furnished,1400,1,11500000,Vasundhara Enclave
3,2,Semi-Furnished,1100,1,12000000,Vasundhara Enclave
3,3,Semi-Furnished,1200,1,10500000,Vasundhara Enclave
2,2,Semi-Furnished,1100,1,11000000,Vasundhara Enclave
3,3,Unfurnished,1650,1,21000000,Vasundhara Enclave
2,2,Unfurnished,600,1,6950000,Vasundhara Enclave
1,3,Semi-Furnished,899,1,11500000,Vikaspuri
2,1,Semi-Furnished,600,2,4500000,Vikaspuri
3,2,Semi-Furnished,2999,1,12500000,Vikaspuri
5,4,Semi-Furnished,4530,1,26900000,Vikaspuri
2,2,Unfurnished,718,1,9500000,Vikaspuri
2,2,Semi-Furnished,2355,1,9500000,Vikaspuri
2,2,Semi-Furnished,893,2,9500000,Vikaspuri
3,3,Semi-Furnished,1200,1,14000000,Vikaspuri
5,2,Unfurnished,635,1,8500000,Vikaspuri
2,2,Semi-Furnished,500,1,7500000,Vikaspuri
2,2,Semi-Furnished,900,1,7500000,Vikaspuri
3,2,Semi-Furnished,1150,1,14000000,Vikaspuri
2,1,Semi-Furnished,500,1,3300000,Vikaspuri
2,1,Semi-Furnished,625,1,4500000,Vikaspuri
3,3,Unfurnished,1200,1,13000000,Vikaspuri
3,2,Furnished,1050,1,9700000,Vikaspuri
2,2,Semi-Furnished,1000,1,12000000,Vikaspuri
3,3,Semi-Furnished,1802,1,22500000,Vikaspuri
2,2,Unfurnished,590,1,4500000,Vikaspuri
3,2,Furnished,1100,1,12000000,Vikaspuri
3,3,Unfurnished,1800,1,16000000,Vikaspuri
3,2,Furnished,1800,2,19000000,Vikaspuri
3,2,Semi-Furnished,1150,1,11500000,Vikaspuri
3,2,Furnished,1150,1,11700000,Vikaspuri
3,3,Furnished,1500,1,14000000,Vikaspuri
3,3,Semi-Furnished,1060,1,9500000,Vikaspuri
3,3,Furnished,1200,1,8900000,Vikaspuri
3,3,Furnished,1740,1,17500000,Vikaspuri
3,2,Semi-Furnished,2200,2,30000000,Vikaspuri
3,2,Furnished,1000,1,10000000,Vikaspuri
2,2,Furnished,1000,1,9000000,Vikaspuri
3,2,Furnished,1200,1,11000000,Vikaspuri
2,2,Furnished,1100,1,9100000,Vikaspuri
3,3,Furnished,1400,1,9500000,Vikaspuri
2,2,Furnished,1000,1,9700000,Vikaspuri
4,3,Semi-Furnished,1170,1,11200000,Vikaspuri
2,2,Furnished,880,1,8440000,Vikaspuri
3,2,Furnished,1300,1,12000000,Vikaspuri
3,3,Unfurnished,900,1,8900000,Vikaspuri
2,2,Furnished,950,1,8700000,Vikaspuri
2,2,Furnished,1000,1,9400000,Vikaspuri
2,2,Furnished,900,2,8520000,Vikaspuri
2,2,Semi-Furnished,785,2,5600000,Vikaspuri
4,3,Unfurnished,1350,2,9500000,Vishwas Nagar
2,2,Furnished,1017,1,6500000,Vishwas Nagar
3,2,Semi-Furnished,1050,1,9000000,Vishwas Nagar
3,2,Semi-Furnished,810,1,6000000,Yamuna Vihar
3,2,Semi-Furnished,810,1,6000000,Yamuna Vihar
1,2,Semi-Furnished,750,1,6400000,Yamuna Vihar
2,1,Furnished,540,1,2700000,Yamuna Vihar
2,2,Furnished,747,1,6500000,Yamuna Vihar
2,1,Unfurnished,720,1,4000000,Yamuna Vihar
1,1,Semi-Furnished,500,1,3000000,Yamuna Vihar
2,2,Unfurnished,1125,1,5000000,Yamuna Vihar
2,2,Semi-Furnished,713,1,6000000,Yamuna Vihar
1,1,Unfurnished,500,1,2500000,Yamuna Vihar
2,2,Semi-Furnished,900,1,6500000,Yamuna Vihar
3,1,Unfurnished,713,1,8000000,Yamuna Vihar
2,1,Furnished,504,1,2700000,Yamuna Vihar
1,2,Unfurnished,500,1,4500000,Yamuna Vihar
3,2,Furnished,850,1,5700000,Yamuna Vihar
4,3,Furnished,2430,1,25000000,Yamuna Vihar
3,3,Furnished,2475,1,70000000,Yamuna Vihar
5,4,Furnished,2970,1,26500000,Yamuna Vihar
3,2,Furnished,2250,1,18500000,Yamuna Vihar
5,3,Furnished,1500,1,30000000,Yamuna Vihar
2,2,Furnished,1512,1,22000000,Yamuna Vihar
2,2,Furnished,500,1,9000000,Yamuna Vihar
3,3,Furnished,2160,1,65000000,Yamuna Vihar
3,2,Furnished,630,1,22500000,Yamuna Vihar
5,3,Furnished,500,1,8700000,Yamuna Vihar
5,4,Furnished,720,1,22000000,Yamuna Vihar
4,2,Furnished,675,2,18500000,Yamuna Vihar
2,1,Furnished,700,2,16000000,Yamuna Vihar
4,3,Furnished,675,2,16000000,Yamuna Vihar
4,2,Furnished,720,2,9000000,Yamuna Vihar
